ID,Forename,Surname,ImageURL,ImageActionURL
3580,Radamel,FALCAO,https://cdn.soccerwiki.org/images/player/3580.png,
10538,Cristián,ZAPATA,https://cdn.soccerwiki.org/images/player/10538.png,
13718,Javier,REINA,https://cdn.soccerwiki.org/images/player/13718.png,
13724,Brayan,ANGULO,https://cdn.soccerwiki.org/images/player/13724.png,
14101,Dayro,MORENO,https://cdn.soccerwiki.org/images/player/14101.png,
17557,Hugo,RODALLEGA,https://cdn.soccerwiki.org/images/player/17557.png,
20702,Darwin,QUINTERO,https://cdn.soccerwiki.org/images/player/20702.png,
20852,Elkin,MOSQUERA,https://cdn.soccerwiki.org/images/player/20852.png,
20864,Luis,PEREA,https://cdn.soccerwiki.org/images/player/20864.png,
20869,Marlon,PIEDRAHITA,https://cdn.soccerwiki.org/images/player/20869.png,
20878,David,OSPINA,https://cdn.soccerwiki.org/images/player/20878.png,
21152,Carlos,SÁNCHEZ,https://cdn.soccerwiki.org/images/player/21152.png,
23804,Jhonny,VÁSQUEZ,https://cdn.soccerwiki.org/images/player/23804.png,
23836,Juan Guillermo,DOMÍNGUEZ,https://cdn.soccerwiki.org/images/player/23836.jpg,
23974,Camilo,VARGAS,https://cdn.soccerwiki.org/images/player/23974.png,
23976,Adrián,RAMOS,https://cdn.soccerwiki.org/images/player/23976.png,
23978,Óscar,RODAS,https://cdn.soccerwiki.org/images/player/23978.jpg,
23985,Christian,MARRUGO,https://cdn.soccerwiki.org/images/player/23985.png,
24016,Sherman,CÁRDENAS,https://cdn.soccerwiki.org/images/player/24016.png,
24047,Fredy,MONTERO,https://cdn.soccerwiki.org/images/player/24047.png,
24049,Donald,MILLÁN,https://cdn.soccerwiki.org/images/player/24049.png,
24074,Juan,MAHECHA,https://cdn.soccerwiki.org/images/player/24074.jpg,
24098,César,HINESTROZA,https://cdn.soccerwiki.org/images/player/24098.jpg,
24383,Alexander,MEJÍA,https://cdn.soccerwiki.org/images/player/24383.png,
24386,Diego,CHARÁ,https://cdn.soccerwiki.org/images/player/24386.png,
24387,Pablo,ESCOBAR,https://cdn.soccerwiki.org/images/player/24387.png,
24406,Luis,JIMÉNEZ,,
24413,Ayron,DEL VALLE,https://cdn.soccerwiki.org/images/player/24413.png,
24512,Carlos,RAMÍREZ,https://cdn.soccerwiki.org/images/player/24512.png,
24535,Stalin,MOTTA,https://cdn.soccerwiki.org/images/player/24535.png,
26239,Sebastián,HERNÁNDEZ,https://cdn.soccerwiki.org/images/player/26239.png,
26398,Felipe,PARDO,https://cdn.soccerwiki.org/images/player/26398.png,
26510,Humberto,OSORIO,https://cdn.soccerwiki.org/images/player/26510.png,
26513,Yosimar,QUIÑÓNES,,
26515,Duvier,RIASCOS,https://cdn.soccerwiki.org/images/player/26515.png,
31280,Wilson,MENA,https://cdn.soccerwiki.org/images/player/31280.png,
31285,Danny,SANTOYA,https://cdn.soccerwiki.org/images/player/31285.png,
31325,Teófilo,GUTIÉRREZ,https://cdn.soccerwiki.org/images/player/31325.png,
31724,Ángelo,BALANTA,https://cdn.soccerwiki.org/images/player/31724.png,
33398,Victor,IBARBO,https://cdn.soccerwiki.org/images/player/33398.png,
33955,Dahwling,LEUDO,https://cdn.soccerwiki.org/images/player/33955.png,
33957,Marco,PÉREZ,https://cdn.soccerwiki.org/images/player/33957.png,
33958,Sérgio,OTÁLVARO,https://cdn.soccerwiki.org/images/player/33958.jpg,
33963,Jairo,PALOMINO,https://cdn.soccerwiki.org/images/player/33963.png,
33964,Elvis,PERLAZA,https://cdn.soccerwiki.org/images/player/33964.png,
33969,Dorlan,PABÓN,https://cdn.soccerwiki.org/images/player/33969.png,
33971,Charles,MONSALVO,https://cdn.soccerwiki.org/images/player/33971.png,
33972,Camilo,AYALA,https://cdn.soccerwiki.org/images/player/33972.png,
33974,Duván,ZAPATA,https://cdn.soccerwiki.org/images/player/33974.png,
33976,James,CASTRO,https://cdn.soccerwiki.org/images/player/33976.png,
33977,Bréyner,BONILLA,https://cdn.soccerwiki.org/images/player/33977.png,
34601,Bernardo,ESPINOSA,https://cdn.soccerwiki.org/images/player/34601.png,
36472,Kevin,MEDINA,https://cdn.soccerwiki.org/images/player/36472.png,
36583,Juan,ANGULO,https://cdn.soccerwiki.org/images/player/36583.jpg,
36586,Hernán,PERTÚZ,https://cdn.soccerwiki.org/images/player/36586.jpg,
36588,Andrés,MOSQUERA,https://cdn.soccerwiki.org/images/player/36588.png,
36596,Leonardo,CASTRO,https://cdn.soccerwiki.org/images/player/36596.png,
36598,Elkin,BLANCO,https://cdn.soccerwiki.org/images/player/36598.png,
36603,Víctor,SOTO,https://cdn.soccerwiki.org/images/player/36603.png,
36627,Juan,CUADRADO,https://cdn.soccerwiki.org/images/player/36627.png,
36639,Danovis,BANGUERO,https://cdn.soccerwiki.org/images/player/36639.png,
38125,James,RODRÍGUEZ,https://cdn.soccerwiki.org/images/player/38125.png,https://cdn.soccerwiki.org/images/player/38125-action.png
39637,Jair,REINOSO,https://cdn.soccerwiki.org/images/player/39637.png,
40751,Santiago,ARIAS,https://cdn.soccerwiki.org/images/player/40751.png,
40753,Luis,PERALTA,https://cdn.soccerwiki.org/images/player/40753.png,
40755,Vladimir,HERNÁNDEZ,https://cdn.soccerwiki.org/images/player/40755.png,
40756,Carlos,BACCA,https://cdn.soccerwiki.org/images/player/40756.png,
40759,Luis,CARDOZA,https://cdn.soccerwiki.org/images/player/40759.png,
40761,César,ARIAS,https://cdn.soccerwiki.org/images/player/40761.png,
40762,Jean Carlos,BLANCO,https://cdn.soccerwiki.org/images/player/40762.png,
40765,Anuar,HURTADO,https://cdn.soccerwiki.org/images/player/40765.png,
40772,Carlos,GALLEGO,https://cdn.soccerwiki.org/images/player/40772.png,
40775,Carlos,ARBOLEDA,https://cdn.soccerwiki.org/images/player/40775.png,
40776,Éder,MUNIVE,https://cdn.soccerwiki.org/images/player/40776.jpg,
40777,Félix,MICOLTA,https://cdn.soccerwiki.org/images/player/40777.png,
40780,Michael,ORTEGA,https://cdn.soccerwiki.org/images/player/40780.png,
40782,Carlos,LIZARAZO,https://cdn.soccerwiki.org/images/player/40782.png,
40783,Feiver,MERCADO,https://cdn.soccerwiki.org/images/player/40783.png,
40786,Roy,CASTILLO,https://cdn.soccerwiki.org/images/player/40786.png,
40789,Carlos,ROBLES,https://cdn.soccerwiki.org/images/player/40789.png,
40794,Rafael,PÉREZ,https://cdn.soccerwiki.org/images/player/40794.png,
40802,Wilson,MORELO,https://cdn.soccerwiki.org/images/player/40802.png,
40810,Dani,TORRES,https://cdn.soccerwiki.org/images/player/40810.png,
40811,José,VALENCIA,https://cdn.soccerwiki.org/images/player/40811.png,
40812,Oswaldo,HENRÍQUEZ,https://cdn.soccerwiki.org/images/player/40812.png,
40814,Cristian,SUBERO,https://cdn.soccerwiki.org/images/player/40814.jpg,
40816,Omar,VÁSQUEZ,https://cdn.soccerwiki.org/images/player/40816_1277155764.jpg,
40817,Wilson,CUERO,https://cdn.soccerwiki.org/images/player/40817.png,
40818,Pedro,FRANCO,https://cdn.soccerwiki.org/images/player/40818.png,
40829,Orlando,BERRÍO,https://cdn.soccerwiki.org/images/player/40829.png,
40830,Edwin,CARDONA,https://cdn.soccerwiki.org/images/player/40830.png,
40832,Róger,CAÑAS,https://cdn.soccerwiki.org/images/player/40832.png,
40834,Juan,MURIEL,,
41787,Andrés,ANDRADE,https://cdn.soccerwiki.org/images/player/41787.png,
41818,Fernando,URIBE,https://cdn.soccerwiki.org/images/player/41818.png,
42165,Róger,TORRES,https://cdn.soccerwiki.org/images/player/42165.png,
44154,Luis,MENA,https://cdn.soccerwiki.org/images/player/44154.png,
44304,Luis,MURIEL,https://cdn.soccerwiki.org/images/player/44304.png,
45462,Stiven,MENDOZA,https://cdn.soccerwiki.org/images/player/45462.png,
45463,Jonny,MOSQUERA,https://cdn.soccerwiki.org/images/player/45463.png,
45465,Juan Fernando,QUINTERO,https://cdn.soccerwiki.org/images/player/45465.png,
45469,Fabio,BURBANO,https://cdn.soccerwiki.org/images/player/45469.png,
45470,Yessy,MENA,https://cdn.soccerwiki.org/images/player/45470.png,
45493,Jéfferson,CUERO,https://cdn.soccerwiki.org/images/player/45493.png,
45498,Jhony,CANO,https://cdn.soccerwiki.org/images/player/45498.png,
45502,William,TESILLO,https://cdn.soccerwiki.org/images/player/45502.png,
45504,Luis Alejandro,PAZ,https://cdn.soccerwiki.org/images/player/45504.png,
45505,Fáiner,TORIJANO,https://cdn.soccerwiki.org/images/player/45505.png,
45507,Juan Camilo,VELA,https://cdn.soccerwiki.org/images/player/45507.jpg,
45513,Gustavo,CUÉLLAR,https://cdn.soccerwiki.org/images/player/45513.png,
45514,César,AMAYA,https://cdn.soccerwiki.org/images/player/45514.jpg,
45517,Fabián,CASTILLO,https://cdn.soccerwiki.org/images/player/45517.png,
45518,Andrés,ESCOBAR,https://cdn.soccerwiki.org/images/player/45518.jpg,
45519,Cristian,LASSO,https://cdn.soccerwiki.org/images/player/45519.png,
45535,Jorge,RAMOS,https://cdn.soccerwiki.org/images/player/45535.png,
45537,Daniel,SANTA,https://cdn.soccerwiki.org/images/player/45537.png,
45544,Francisco,RODRÍGUEZ,,
45554,Daniel,BOCANEGRA,https://cdn.soccerwiki.org/images/player/45554.png,
45556,Carlos,MOSQUERA,https://cdn.soccerwiki.org/images/player/45556.png,
45558,Yorleys,MENA,https://cdn.soccerwiki.org/images/player/45558.png,
45559,Yhon,MOSQUERA,https://cdn.soccerwiki.org/images/player/45559.jpg,
45638,Cristian,MARTÍNEZ,https://cdn.soccerwiki.org/images/player/45638.png,
48930,Juan David,CABEZAS,https://cdn.soccerwiki.org/images/player/48930.png,
49292,Santiago,TRÉLLEZ,https://cdn.soccerwiki.org/images/player/49292.png,
49695,Stefan,MEDINA,https://cdn.soccerwiki.org/images/player/49695.png,
49902,Luis,CARABALÍ,,
49963,Diego,NOVOA,https://cdn.soccerwiki.org/images/player/49963.png,
50048,Juan Daniel,ROA,https://cdn.soccerwiki.org/images/player/50048.jpg,
50064,Jonathan,COPETE,https://cdn.soccerwiki.org/images/player/50064.png,
50065,Wilmar,JORDÁN GIL,https://cdn.soccerwiki.org/images/player/50065.jpg,
50387,Sebastián,PÉREZ,https://cdn.soccerwiki.org/images/player/50387.png,
50403,Juan Fernando,CAICEDO,https://cdn.soccerwiki.org/images/player/50403.png,
50668,Danilo,ASPRILLA,https://cdn.soccerwiki.org/images/player/50668.png,
50775,Luciano,OSPINA,https://cdn.soccerwiki.org/images/player/50775.png,
50951,Jefferson,MENA,https://cdn.soccerwiki.org/images/player/50951.png,
50959,Diego,VALDÉS,https://cdn.soccerwiki.org/images/player/50959.png,
50963,Fredys,ARRIETA,https://cdn.soccerwiki.org/images/player/50963.png,
50964,Léiner,ESCALANTE,https://cdn.soccerwiki.org/images/player/50964.png,
50965,Francisco,MEZA,https://cdn.soccerwiki.org/images/player/50965.png,
50966,Elvis,MOSQUERA,https://cdn.soccerwiki.org/images/player/50966.png,
50969,Didier,MORENO,https://cdn.soccerwiki.org/images/player/50969.png,
50970,Orlando,OSORIO,https://cdn.soccerwiki.org/images/player/50970.png,
50975,David,SILVA,https://cdn.soccerwiki.org/images/player/50975.png,
50976,Andrés,CADAVID,https://cdn.soccerwiki.org/images/player/50976.png,
50983,Avilés,HURTADO,https://cdn.soccerwiki.org/images/player/50983.png,
50989,Yeison,LIZALDA,,
50990,Eder,CASTAÑEDA,https://cdn.soccerwiki.org/images/player/50990.jpg,
50992,Jackson,MONTAÑO,,
50998,Yéiner,OROZCO,,
50999,Wílber,RENTERÍA,https://cdn.soccerwiki.org/images/player/50999.png,
51000,Olmes,GARCÍA,https://cdn.soccerwiki.org/images/player/51000.jpg,
51005,José,CORREA,https://cdn.soccerwiki.org/images/player/51005.jpg,
51006,Yeison,GORDILLO,https://cdn.soccerwiki.org/images/player/51006.jpg,
51014,Luis,VÉLEZ,,
51016,Germán,MERA,https://cdn.soccerwiki.org/images/player/51016.jpg,
51017,Luis,PAYARES,https://cdn.soccerwiki.org/images/player/51017.png,
51019,Yerson,CANDELO,https://cdn.soccerwiki.org/images/player/51019.png,
51020,Daniel,GIRALDO,https://cdn.soccerwiki.org/images/player/51020.png,
51021,Harold,GÓMEZ,https://cdn.soccerwiki.org/images/player/51021.jpg,
51022,Jefferson,MURILLO,https://cdn.soccerwiki.org/images/player/51022.png,
51023,Brayan,PEREA,https://cdn.soccerwiki.org/images/player/51023.png,
51026,Érick,MORENO,https://cdn.soccerwiki.org/images/player/51026.png,
51028,Darwin,ANDRADE,https://cdn.soccerwiki.org/images/player/51028.png,
51035,Frank,FABRA,https://cdn.soccerwiki.org/images/player/51035.png,
51037,Carlos,HENAO,https://cdn.soccerwiki.org/images/player/51037.png,
51042,Jhon,CÓRDOBA,https://cdn.soccerwiki.org/images/player/51042.png,
51053,Ángelo,RODRÍGUEZ,https://cdn.soccerwiki.org/images/player/51053.png,
51056,Onel,VIDAL,https://cdn.soccerwiki.org/images/player/51056.png,
51057,David,ÁLVAREZ,https://cdn.soccerwiki.org/images/player/51057.png,
51062,Luis,MURILLO,https://cdn.soccerwiki.org/images/player/51062.png,
51063,Jhon Fredy,PAJOY,https://cdn.soccerwiki.org/images/player/51063.png,
51517,Cristian,MONTAÑO,https://cdn.soccerwiki.org/images/player/51517.png,
52134,Juan Camilo,SAIZ,https://cdn.soccerwiki.org/images/player/52134.png,
53623,Jeison,MURILLO,https://cdn.soccerwiki.org/images/player/53623.png,
54212,Anier,FIGUEROA,,
55001,Juanjo,NARVÁEZ,https://cdn.soccerwiki.org/images/player/55001.png,
55933,Sebastián,VELÁSQUEZ,https://cdn.soccerwiki.org/images/player/55933.png,
56376,Yimmi,CHARÁ,https://cdn.soccerwiki.org/images/player/56376.png,
57075,Jefferson,DUQUE,https://cdn.soccerwiki.org/images/player/57075.png,
58375,Yamilson,RIVERA,https://cdn.soccerwiki.org/images/player/58375.png,
58434,Andrés,MOSQUERA,https://cdn.soccerwiki.org/images/player/58434.png,
58641,Leyvin,BALANTA,https://cdn.soccerwiki.org/images/player/58641.png,
58651,Alexis,HINESTROZA,https://cdn.soccerwiki.org/images/player/58651.png,
59728,José Luis,CHUNGA,https://cdn.soccerwiki.org/images/player/59728.png,
60869,Mateus,URIBE,https://cdn.soccerwiki.org/images/player/60869.png,
60878,Kévin,RENDÓN,https://cdn.soccerwiki.org/images/player/60878.png,
61190,Harold,REINA,https://cdn.soccerwiki.org/images/player/61190.png,
61220,Juan,RÍOS,https://cdn.soccerwiki.org/images/player/61220_1351038268.jpg,
61432,Guillermo,CELIS,https://cdn.soccerwiki.org/images/player/61432.png,
61735,Yuber,MOSQUERA,https://cdn.soccerwiki.org/images/player/61735.png,
61791,Juan,PÉREZ,https://cdn.soccerwiki.org/images/player/61791.png,
61811,Jorge,ARIAS,https://cdn.soccerwiki.org/images/player/61811.png,
62026,Eliser,QUIÑÓNES,https://cdn.soccerwiki.org/images/player/62026.png,
62161,Edward,IBARBO,,
62529,William,ZAPATA,https://cdn.soccerwiki.org/images/player/62529_1359277202.jpg,
62553,Juan David,RODRÍGUEZ,https://cdn.soccerwiki.org/images/player/62553.png,
62731,Yesus,CABRERA,https://cdn.soccerwiki.org/images/player/62731.png,
62753,Elacio,CÓRDOBA,https://cdn.soccerwiki.org/images/player/62753.jpg,
62755,Yonathan,MURILLO,https://cdn.soccerwiki.org/images/player/62755.png,
62757,Baldomero,PERLAZA,https://cdn.soccerwiki.org/images/player/62757.png,
62791,Leonardo,PICO,https://cdn.soccerwiki.org/images/player/62791.png,
62793,Manuel,PALACIOS,https://cdn.soccerwiki.org/images/player/62793.png,
62794,Luis,QUIÑONES,https://cdn.soccerwiki.org/images/player/62794.jpg,
62795,Helibelton,PALACIOS,https://cdn.soccerwiki.org/images/player/62795.png,
62796,Cristian,HIGUITA,https://cdn.soccerwiki.org/images/player/62796.png,
62797,Harrison,MOJICA,https://cdn.soccerwiki.org/images/player/62797.png,
62798,Miguel,MURILLO,https://cdn.soccerwiki.org/images/player/62798.png,
62801,Julián,QUIÑÓNES,https://cdn.soccerwiki.org/images/player/62801.png,
62802,Héctor,URREGO,https://cdn.soccerwiki.org/images/player/62802.png,
62839,Willianson,CÓRDOBA,https://cdn.soccerwiki.org/images/player/62839.jpg,
62841,Edy,RENTERÍA,https://cdn.soccerwiki.org/images/player/62841.jpg,
62842,Luis,VERGARA,https://cdn.soccerwiki.org/images/player/62842.jpg,
62851,Carlos,RIVAS,https://cdn.soccerwiki.org/images/player/62851.png,
62853,César,TAJÁN,,
62854,Julián,FIGUEROA,https://cdn.soccerwiki.org/images/player/62854.jpg,
62915,Wílder,GUISAO,https://cdn.soccerwiki.org/images/player/62915.png,
62937,Omar,MANCILLA,https://cdn.soccerwiki.org/images/player/62937.png,
62942,Sergio,AVELLANEDA,https://cdn.soccerwiki.org/images/player/62942.jpg,
62943,Mauricio,DUARTE,https://cdn.soccerwiki.org/images/player/62943.png,
62944,Jesús,LOZANO,https://cdn.soccerwiki.org/images/player/62944.jpg,
63002,Andrés,CORREA,https://cdn.soccerwiki.org/images/player/63002.jpg,
63003,Alexis,OSSA,https://cdn.soccerwiki.org/images/player/63003.png,
63007,Darwin,LÓPEZ,https://cdn.soccerwiki.org/images/player/63007.png,
63009,Juan,DEUSA,https://cdn.soccerwiki.org/images/player/63009.png,
63011,Jeysen,NÚÑEZ,https://cdn.soccerwiki.org/images/player/63011.jpg,
63055,Stiven,BARREIRO,https://cdn.soccerwiki.org/images/player/63055.png,
63056,Wílmer,PALACIOS,,
63058,Andrés,RIVERA,,
63062,Bryan,URUEÑA,https://cdn.soccerwiki.org/images/player/63062.jpg,
63064,Juan,ARBOLEDA,https://cdn.soccerwiki.org/images/player/63064.png,
63067,Andrés,RENTERÍA,https://cdn.soccerwiki.org/images/player/63067.png,
63069,Fredy,HINESTROZA,https://cdn.soccerwiki.org/images/player/63069.png,
63072,Mauricio,CUERO,https://cdn.soccerwiki.org/images/player/63072.png,
63074,Iván,RIVAS,https://cdn.soccerwiki.org/images/player/63074.jpg,
63077,Maicol,BALANTA,https://cdn.soccerwiki.org/images/player/63077.png,
63080,Arled,CADAVID,https://cdn.soccerwiki.org/images/player/63080.png,
63083,Carlos,OÑATE,https://cdn.soccerwiki.org/images/player/63083.jpg,
63085,Andrés,RICAURTE,https://cdn.soccerwiki.org/images/player/63085.png,
64180,Santiago,MONTOYA,https://cdn.soccerwiki.org/images/player/64180.png,
64395,Juan Pablo,NIETO,https://cdn.soccerwiki.org/images/player/64395.png,
64502,Ray,VANEGAS,https://cdn.soccerwiki.org/images/player/64502.png,
64848,Dairon,MOSQUERA,https://cdn.soccerwiki.org/images/player/64848.png,
65074,Yoiver,GONZÁLEZ,https://cdn.soccerwiki.org/images/player/65074.png,
65119,Cristian,PALOMEQUE,https://cdn.soccerwiki.org/images/player/65119.png,
65215,Éder,BALANTA,https://cdn.soccerwiki.org/images/player/65215.png,
65333,Michael,RANGEL,https://cdn.soccerwiki.org/images/player/65333.png,
65402,José,LEUDO,https://cdn.soccerwiki.org/images/player/65402.jpg,
65479,Jherson,VERGARA,https://cdn.soccerwiki.org/images/player/65479.png,
65651,Felipe,AGUILAR,https://cdn.soccerwiki.org/images/player/65651.png,
65652,Deivy,BALANTA,https://cdn.soccerwiki.org/images/player/65652.jpg,
65654,David,VALENCIA,https://cdn.soccerwiki.org/images/player/65654.png,
65656,Jonathan,ÁVILA,https://cdn.soccerwiki.org/images/player/65656.png,
65657,Rafael,CARRASCAL,https://cdn.soccerwiki.org/images/player/65657.png,
65661,Jesús,ARRIETA,https://cdn.soccerwiki.org/images/player/65661.png,
65662,Dairon,ASPRILLA,https://cdn.soccerwiki.org/images/player/65662.png,
65837,Faber,CAÑAVERAL,https://cdn.soccerwiki.org/images/player/65837.jpg,
65860,Miguel,BORJA,https://cdn.soccerwiki.org/images/player/65860.png,
66422,Sebastián,RINCÓN,https://cdn.soccerwiki.org/images/player/66422.png,
66526,Yair,IBARGÜEN,https://cdn.soccerwiki.org/images/player/66526.jpg,
67177,Ramiro,SÁNCHEZ,https://cdn.soccerwiki.org/images/player/67177.png,
67183,Jhon Fredy,MIRANDA,https://cdn.soccerwiki.org/images/player/67183.jpg,
67187,Miller,MOSQUERA,https://cdn.soccerwiki.org/images/player/67187.png,
67189,Victor,CANTILLO,https://cdn.soccerwiki.org/images/player/67189.png,
67193,Rodin,QUIÑONES,https://cdn.soccerwiki.org/images/player/67193.jpg,
67195,Jhonny,MEZA,https://cdn.soccerwiki.org/images/player/67195.png,
67197,Jerry,ORTÍZ,https://cdn.soccerwiki.org/images/player/67197.jpg,
67200,Luis,HURTADO,https://cdn.soccerwiki.org/images/player/67200.png,
67201,José,SILVA,https://cdn.soccerwiki.org/images/player/67201.jpg,
67202,Jeison,ANGULO,https://cdn.soccerwiki.org/images/player/67202.png,
67203,Eduar,CAICEDO,https://cdn.soccerwiki.org/images/player/67203.png,
67205,Johan,MOJICA,https://cdn.soccerwiki.org/images/player/67205.png,
67206,Brayan,LUCUMÍ,https://cdn.soccerwiki.org/images/player/67206.png,
67207,Carlos,NENECO,https://cdn.soccerwiki.org/images/player/67207.png,
67208,Alí,REYES,https://cdn.soccerwiki.org/images/player/67208.jpg,
67209,Bayron,GARCÉS,https://cdn.soccerwiki.org/images/player/67209.jpg,
67210,Hárold,PRECIADO,https://cdn.soccerwiki.org/images/player/67210.png,
67213,Eder,CHAUX,https://cdn.soccerwiki.org/images/player/67213.png,
67214,Frank,LOZANO,https://cdn.soccerwiki.org/images/player/67214.png,
67215,Henry,OBANDO,https://cdn.soccerwiki.org/images/player/67215.png,
67216,Wilmar,BARRIOS,https://cdn.soccerwiki.org/images/player/67216.png,
67248,Jonathan,LOPERA,https://cdn.soccerwiki.org/images/player/67248.png,
67250,Rafael,AGÁMEZ,https://cdn.soccerwiki.org/images/player/67250.jpg,
67251,Johan,CASTAÑO,https://cdn.soccerwiki.org/images/player/67251.jpg,
67252,William,PALACIOS,https://cdn.soccerwiki.org/images/player/67252.jpg,
67254,José,ESCOBAR,https://cdn.soccerwiki.org/images/player/67254.jpg,
67255,Darwin,CARRERO,https://cdn.soccerwiki.org/images/player/67255.jpg,
67262,Óscar,RAMOS,https://cdn.soccerwiki.org/images/player/67262.png,
67264,Yerry,MINA,https://cdn.soccerwiki.org/images/player/67264.png,
67265,Fabry,CASTRO,https://cdn.soccerwiki.org/images/player/67265.png,
67267,Víctor,MEJÍA,,
67268,Fabián,GONZÁLEZ,https://cdn.soccerwiki.org/images/player/67268.png,
67269,Nicolás,PALACIOS,https://cdn.soccerwiki.org/images/player/67269.jpg,
67272,Juan,ZULUAGA,https://cdn.soccerwiki.org/images/player/67272.png,
67273,David,CASTRILLÓN,https://cdn.soccerwiki.org/images/player/67273.jpg,
67275,Leonel,GARCÍA,https://cdn.soccerwiki.org/images/player/67275.jpg,
67277,Juan Carlos,PEREIRA,https://cdn.soccerwiki.org/images/player/67277.png,
67278,Jerson,MALAGÓN,https://cdn.soccerwiki.org/images/player/67278.png,
67279,Sebastián,AYALA,https://cdn.soccerwiki.org/images/player/67279.jpg,
67282,Christian,VARGAS,https://cdn.soccerwiki.org/images/player/67282.png,
67283,Jarlan,BARRERA,https://cdn.soccerwiki.org/images/player/67283.png,
67287,Kevin,SANDOVAL,,
67290,Jhon,VÁSQUEZ,https://cdn.soccerwiki.org/images/player/67290.png,
67292,Jesús,RODRÍGUEZ,https://cdn.soccerwiki.org/images/player/67292.jpg,
67297,Jean,BECERRA,https://cdn.soccerwiki.org/images/player/67297.png,
67300,Jefferson,LERMA,https://cdn.soccerwiki.org/images/player/67300.png,
67303,Cristian,CANGÁ,https://cdn.soccerwiki.org/images/player/67303.png,
67304,Camilo,MANCILLA,https://cdn.soccerwiki.org/images/player/67304.png,
67314,Ronny,RODRÍGUEZ,,
67319,Jefersson,MARTÍNEZ,https://cdn.soccerwiki.org/images/player/67319.png,
67322,Sergio,MOSQUERA,https://cdn.soccerwiki.org/images/player/67322.png,
67323,Ricardo,DELGADO,https://cdn.soccerwiki.org/images/player/67323.jpg,
67324,Yony,GONZÁLEZ,https://cdn.soccerwiki.org/images/player/67324.png,
67326,Alexis,ZAPATA,https://cdn.soccerwiki.org/images/player/67326.png,
67327,Cristian,ARANGO,https://cdn.soccerwiki.org/images/player/67327.png,
67329,Harold,RIVERA,https://cdn.soccerwiki.org/images/player/67329.png,
67346,Yilmar,FILIGRANA,https://cdn.soccerwiki.org/images/player/67346.png,
67350,Mauricio,GÓMEZ,https://cdn.soccerwiki.org/images/player/67350.jpg,
67353,Jesús,MURILLO,https://cdn.soccerwiki.org/images/player/67353.png,
67356,Raúl,LOAIZA,https://cdn.soccerwiki.org/images/player/67356.png,
67358,Larry,VÁSQUEZ,https://cdn.soccerwiki.org/images/player/67358.png,
67362,Arleison,MARTÍNEZ,,
67749,Omar,FERNÁNDEZ,https://cdn.soccerwiki.org/images/player/67749.png,
68198,Marlon,NEGRETE,https://cdn.soccerwiki.org/images/player/68198.jpg,
68254,Jonathan,SEGURA,https://cdn.soccerwiki.org/images/player/68254.png,
68258,Arnol,PALACIOS,https://cdn.soccerwiki.org/images/player/68258.png,
68382,Johan,ARANGO,https://cdn.soccerwiki.org/images/player/68382.png,
68384,Diego,ECHEVERRI,https://cdn.soccerwiki.org/images/player/68384.png,
68961,Jordan,MOSQUERA,https://cdn.soccerwiki.org/images/player/68961.png,
69216,Roger,MARTÍNEZ,https://cdn.soccerwiki.org/images/player/69216.png,
69219,Christian,MAFLA,https://cdn.soccerwiki.org/images/player/69219.png,
69491,Reinaldo,LENIS,https://cdn.soccerwiki.org/images/player/69491.png,
69711,José Gabriel,RAMÍREZ,https://cdn.soccerwiki.org/images/player/69711.jpg,
70077,Jimmy,MEDRANDA,https://cdn.soccerwiki.org/images/player/70077.png,
70259,Andrés,ROA,https://cdn.soccerwiki.org/images/player/70259.png,
71273,Michael,ORDOÑEZ,,
71674,Steven,TAPIERO,https://cdn.soccerwiki.org/images/player/71674.png,
72111,Jeison,LUCUMÍ,https://cdn.soccerwiki.org/images/player/72111.png,
73142,Dairin,GONZÁLEZ,,
73147,Diego,GÓMEZ,https://cdn.soccerwiki.org/images/player/73147.png,
74124,Yeimar,GÓMEZ ANDRADE,https://cdn.soccerwiki.org/images/player/74124.png,
74471,Joao,RODRÍGUEZ,https://cdn.soccerwiki.org/images/player/74471.png,
75307,Dany,ROSERO,https://cdn.soccerwiki.org/images/player/75307.png,
75782,Jhon,MOSQUERA,https://cdn.soccerwiki.org/images/player/75782.png,
75794,Andrés,MURILLO,https://cdn.soccerwiki.org/images/player/75794.png,
75796,Amaury,TORRALVO,https://cdn.soccerwiki.org/images/player/75796.png,
75822,Jhon,DUQUE,https://cdn.soccerwiki.org/images/player/75822.png,
75823,Óscar,BARRETO,https://cdn.soccerwiki.org/images/player/75823.png,
75824,Luis,CUESTA,https://cdn.soccerwiki.org/images/player/75824.png,
75831,Juan,SARMIENTO,https://cdn.soccerwiki.org/images/player/75831.png,
75832,Jonathan,CAICEDO,https://cdn.soccerwiki.org/images/player/75832.jpg,
75834,Juan,OTERO,https://cdn.soccerwiki.org/images/player/75834.png,
75839,Alexis,PÉREZ,https://cdn.soccerwiki.org/images/player/75839.png,
75850,Walmer,PACHECO,https://cdn.soccerwiki.org/images/player/75850.png,
75853,Nelino,TAPIA,https://cdn.soccerwiki.org/images/player/75853.png,
75854,Michael,BARRIOS,https://cdn.soccerwiki.org/images/player/75854.png,
75856,Mauro,MANOTAS,https://cdn.soccerwiki.org/images/player/75856.png,
75858,Mario,ÁLVAREZ,,
75859,Geovanni,BANGUERA,https://cdn.soccerwiki.org/images/player/75859.png,
75907,Nicolás,GIRALDO,https://cdn.soccerwiki.org/images/player/75907.png,
75924,Sergio,VILLARREAL,https://cdn.soccerwiki.org/images/player/75924.jpg,
75925,Jhonatan,AGUDELO,https://cdn.soccerwiki.org/images/player/75925.png,
75926,Ánderson,PLATA,https://cdn.soccerwiki.org/images/player/75926.png,
75928,Omar,ALBORNOZ,https://cdn.soccerwiki.org/images/player/75928.png,
75936,Wilfrido,DE LA ROSA,https://cdn.soccerwiki.org/images/player/75936.png,
75937,Andrés,IBARGÜEN,https://cdn.soccerwiki.org/images/player/75937.png,
75938,César,MENA,,
75941,Germán,GUTIÉRREZ,https://cdn.soccerwiki.org/images/player/75941.png,
75942,Oidel,PÉREZ,,
75944,Estefano,ARANGO,https://cdn.soccerwiki.org/images/player/75944.png,
75950,Carlos,RIVAS,https://cdn.soccerwiki.org/images/player/75950.png,
75952,Fabián,VIÁFARA,https://cdn.soccerwiki.org/images/player/75952.png,
75954,Brayan,ANGULO,https://cdn.soccerwiki.org/images/player/75954.png,
75967,Daniel,LONDOÑO,https://cdn.soccerwiki.org/images/player/75967.jpg,
75968,Mateo,CARDONA,https://cdn.soccerwiki.org/images/player/75968.png,
75969,Andrés,TELLO,https://cdn.soccerwiki.org/images/player/75969.png,
75970,Jairo,MOLINA,https://cdn.soccerwiki.org/images/player/75970.png,
75971,Juan Camilo,ZAPATA,,
75975,Pier,GRAZZIANI,https://cdn.soccerwiki.org/images/player/75975.png,
75977,Álex,CASTRO,https://cdn.soccerwiki.org/images/player/75977.png,
75978,Deiver,MACHADO,https://cdn.soccerwiki.org/images/player/75978.png,
75979,Jeison,ESTUPIÑÁN,,
75980,Juan Sebastián,HERRERA,https://cdn.soccerwiki.org/images/player/75980.png,
75982,Davinson,SÁNCHEZ,https://cdn.soccerwiki.org/images/player/75982.png,
75983,Luis,OREJUELA,https://cdn.soccerwiki.org/images/player/75983.png,
75984,Juan,QUINTERO,https://cdn.soccerwiki.org/images/player/75984.png,
75985,Nilson,CASTRILLÓN,https://cdn.soccerwiki.org/images/player/75985.png,
75987,Juan,BALANTA,https://cdn.soccerwiki.org/images/player/75987.jpg,
75988,Rafael,BORRÉ,https://cdn.soccerwiki.org/images/player/75988.png,
75989,Jown,CARDONA,https://cdn.soccerwiki.org/images/player/75989.png,
75992,Luis,VÁSQUEZ,https://cdn.soccerwiki.org/images/player/75992.png,
75993,Yairo,MORENO,https://cdn.soccerwiki.org/images/player/75993.png,
75994,Alfredo,MORELOS,https://cdn.soccerwiki.org/images/player/75994.png,
75995,William,PARRA,https://cdn.soccerwiki.org/images/player/75995.png,
75996,Armando,VARGAS,https://cdn.soccerwiki.org/images/player/75996.png,
75997,Darío,RODRÍGUEZ,https://cdn.soccerwiki.org/images/player/75997.jpg,
75998,Sergio,ROMÁN,https://cdn.soccerwiki.org/images/player/75998.png,
75999,José Luis,MORENO,https://cdn.soccerwiki.org/images/player/75999.jpg,
76001,Raúl,PEÑARANDA,,
76989,Brayan,RIASCOS,https://cdn.soccerwiki.org/images/player/76989.png,
77808,Jorge,GONZÁLEZ PRADO,https://cdn.soccerwiki.org/images/player/77808.jpg,
78874,Mauricio,RIVAS,,
79246,Cristian,FLÓREZ,https://cdn.soccerwiki.org/images/player/79246.jpg,
79367,Yair,ARBOLEDA,https://cdn.soccerwiki.org/images/player/79367.png,
79368,Pablo,MINA,https://cdn.soccerwiki.org/images/player/79368.jpg,
79377,Camilo,DEL CASTILLO,https://cdn.soccerwiki.org/images/player/79377.png,
79379,Jhonathan,MUÑOZ,https://cdn.soccerwiki.org/images/player/79379.jpg,
79380,Martín,PAYARES,https://cdn.soccerwiki.org/images/player/79380.png,
79382,Andrés,QUEJADA,https://cdn.soccerwiki.org/images/player/79382.png,
79384,Edwin,VELASCO,https://cdn.soccerwiki.org/images/player/79384.png,
79390,Miguel,MEDINA,https://cdn.soccerwiki.org/images/player/79390.png,
79392,Henry,CASTILLO,,
79393,Carlos,IBARGÜEN,https://cdn.soccerwiki.org/images/player/79393.png,
79397,Diego,MARTÍNEZ,https://cdn.soccerwiki.org/images/player/79397.png,
79398,Ramón,CÓRDOBA,https://cdn.soccerwiki.org/images/player/79398.jpg,
79404,Leonardo,SALDAÑA,https://cdn.soccerwiki.org/images/player/79404.png,
79408,César,CARRILLO,https://cdn.soccerwiki.org/images/player/79408.png,
79416,Jeferson,COLLAZOS,,
79752,Esteban,GIRALDO,,
79763,Álvaro,MONTERO,https://cdn.soccerwiki.org/images/player/79763.png,
79765,Israel,ALBA,https://cdn.soccerwiki.org/images/player/79765.png,
79766,Mateo,PALACIOS,https://cdn.soccerwiki.org/images/player/79766.png,
79767,Misael,RIASCOS,https://cdn.soccerwiki.org/images/player/79767.png,
79794,Jáder,OBRIAN,https://cdn.soccerwiki.org/images/player/79794.png,
79860,Jorge,CARRASCAL,https://cdn.soccerwiki.org/images/player/79860.png,
79865,Didier,DELGADO,https://cdn.soccerwiki.org/images/player/79865.png,
79866,Sebastián,VILLA,https://cdn.soccerwiki.org/images/player/79866.png,
79877,John,GARCÍA,https://cdn.soccerwiki.org/images/player/79877.png,
79878,David,GÓMEZ,,
79882,José,LLOREDA,https://cdn.soccerwiki.org/images/player/79882.png,
79884,Miguel,PÉREZ,,
79896,Cristian,BORJA,https://cdn.soccerwiki.org/images/player/79896.png,
79897,Juan,ROA,https://cdn.soccerwiki.org/images/player/79897.png,
79900,Felipe,BANGUERO,https://cdn.soccerwiki.org/images/player/79900.png,
79901,Jeison,PALACIOS,https://cdn.soccerwiki.org/images/player/79901.png,
79904,Óscar,VANEGAS,https://cdn.soccerwiki.org/images/player/79904.png,
79912,Arley,RODRÍGUEZ,https://cdn.soccerwiki.org/images/player/79912.png,
79916,Sebastián,SALAZAR,https://cdn.soccerwiki.org/images/player/79916.png,
79917,Jhon,VELÁSQUEZ,https://cdn.soccerwiki.org/images/player/79917.png,
79920,Erick,MONTAÑO,,
79941,Edisson,RESTREPO,https://cdn.soccerwiki.org/images/player/79941.png,
79942,Marlon,TORRES,https://cdn.soccerwiki.org/images/player/79942.png,
79943,Dayron,MOSQUERA,https://cdn.soccerwiki.org/images/player/79943.jpg,
79944,Marlos,MORENO,https://cdn.soccerwiki.org/images/player/79944.png,
79953,Maicol,MEDINA,https://cdn.soccerwiki.org/images/player/79953.png,
79954,Tommy,TOBAR,https://cdn.soccerwiki.org/images/player/79954.png,
79955,Cristian,ARRIETA,https://cdn.soccerwiki.org/images/player/79955.png,
79958,Faber,GIL,https://cdn.soccerwiki.org/images/player/79958.png,
79973,Danilo,ARBOLEDA,https://cdn.soccerwiki.org/images/player/79973.png,
79992,Johan,WALLENS,https://cdn.soccerwiki.org/images/player/79992.png,
81497,Almir,SOTO,https://cdn.soccerwiki.org/images/player/81497.png,
81699,Kevin,BALANTA,https://cdn.soccerwiki.org/images/player/81699.png,
82423,Julian,PINO,,
82470,Iván,ARBOLEDA,https://cdn.soccerwiki.org/images/player/82470.png,
83053,Ronaldo,ARIZA,https://cdn.soccerwiki.org/images/player/83053.jpg,
83156,Marín,JUANDA,https://cdn.soccerwiki.org/images/player/83156.jpg,
83205,Jesús,MARIMÓN,https://cdn.soccerwiki.org/images/player/83205.png,
84550,Nicolás,BENEDETTI,https://cdn.soccerwiki.org/images/player/84550.png,
84551,Mateo,CASSIERRA,https://cdn.soccerwiki.org/images/player/84551.png,
84935,Oswaldo,BLANCO,https://cdn.soccerwiki.org/images/player/84935.jpg,
84978,Luis,SALAZAR,https://cdn.soccerwiki.org/images/player/84978.jpg,
85020,Over,GARCÍA,https://cdn.soccerwiki.org/images/player/85020.jpg,
85037,Pablo,ROJAS,https://cdn.soccerwiki.org/images/player/85037.png,
85195,Juan José,CALERO,https://cdn.soccerwiki.org/images/player/85195.png,
85325,Antony,OTERO,https://cdn.soccerwiki.org/images/player/85325.jpg,
85340,Leonardo,CASTRO,https://cdn.soccerwiki.org/images/player/85340.png,
85389,Daniel,CATAÑO,https://cdn.soccerwiki.org/images/player/85389.png,
85475,Aldair,GUZMÁN,https://cdn.soccerwiki.org/images/player/85475.jpg,
85478,David,MURILLO,https://cdn.soccerwiki.org/images/player/85478.png,
85569,Tomás,MAYA,https://cdn.soccerwiki.org/images/player/85569.png,
85570,David,CASTAÑEDA,https://cdn.soccerwiki.org/images/player/85570.jpg,
85571,Brayan,ROVIRA,https://cdn.soccerwiki.org/images/player/85571.png,
85572,Sebastián,TÁMARA,https://cdn.soccerwiki.org/images/player/85572.png,
85573,Jair,MOSQUERA,https://cdn.soccerwiki.org/images/player/85573.png,
85577,Jhonier,VIVEROS,https://cdn.soccerwiki.org/images/player/85577.png,
85578,Óscar,ESTUPIÑÁN,https://cdn.soccerwiki.org/images/player/85578.png,
85579,Jhon Fredy,SALAZAR,https://cdn.soccerwiki.org/images/player/85579.png,
85586,Ronaldo,TAVERA,https://cdn.soccerwiki.org/images/player/85586.png,
85593,Omar,DUARTE,https://cdn.soccerwiki.org/images/player/85593.png,
85596,Claudio,RUBIANO,,
85598,Stiven,VEGA,https://cdn.soccerwiki.org/images/player/85598.png,
85599,Matteo,FRIGERIO,,
85600,Andrés,LLINÁS,https://cdn.soccerwiki.org/images/player/85600.png,
85605,Jhon,LUCUMÍ,https://cdn.soccerwiki.org/images/player/85605.png,
85608,Álvaro,ANGULO,https://cdn.soccerwiki.org/images/player/85608.png,
85612,Richard,RENTERÍA,https://cdn.soccerwiki.org/images/player/85612.png,
85613,Yeison,SUÁREZ,https://cdn.soccerwiki.org/images/player/85613.png,
85615,Christian,RIVERA,https://cdn.soccerwiki.org/images/player/85615.png,
85617,José,MOYA,https://cdn.soccerwiki.org/images/player/85617.png,
85618,Ezequiel,PALOMEQUE,https://cdn.soccerwiki.org/images/player/85618.png,
85619,Luis,CAICEDO,https://cdn.soccerwiki.org/images/player/85619.png,
85620,Stiven,MINA,,
85621,Oscar,CAICEDO,,
85624,Ever,VALENCIA,https://cdn.soccerwiki.org/images/player/85624.jpg,
85626,Sebastián,MACIAS,https://cdn.soccerwiki.org/images/player/85626.jpg,
85627,Diego,HERAZO,https://cdn.soccerwiki.org/images/player/85627.png,
85628,Juan,VALENCIA,https://cdn.soccerwiki.org/images/player/85628.png,
85629,Carlos,SINISTERRA,,
85630,Yilton,DÍAZ,,
85631,Jhon,MOSQUERA,,
85638,James,AGUIRRE,https://cdn.soccerwiki.org/images/player/85638.jpg,
85640,Jhon,PÉREZ,https://cdn.soccerwiki.org/images/player/85640.png,
85641,Juan,DUQUE,https://cdn.soccerwiki.org/images/player/85641.jpg,
85643,Sebastián,SILVA,,
85645,Anderson,ARROYO,https://cdn.soccerwiki.org/images/player/85645.png,
85648,Julián,GUERRERO,,
85649,Carlos,PÉREZ,https://cdn.soccerwiki.org/images/player/85649.png,
85654,Juan,JIMÉNEZ,,
85655,Kevin,LONDOÑO,https://cdn.soccerwiki.org/images/player/85655.png,
85658,Jimmy,MICAN,,
85659,Yan,MOSQUERA,,
85661,Kevin,SALAZAR,https://cdn.soccerwiki.org/images/player/85661.jpg,
85662,Edward,CUERNÚ,,
85663,Juan Carlos,MORENO,,
85664,Adrián,PARRA,https://cdn.soccerwiki.org/images/player/85664.png,
85665,Carlos,RODRÍGUEZ,https://cdn.soccerwiki.org/images/player/85665.png,
85667,William,CUESTA,https://cdn.soccerwiki.org/images/player/85667.png,
85668,Geovan,MONTES,https://cdn.soccerwiki.org/images/player/85668.png,
85671,Diego,VALOYES,https://cdn.soccerwiki.org/images/player/85671.png,
85687,Déinner,QUIÑONES,https://cdn.soccerwiki.org/images/player/85687.png,
85688,Cristián,DÁJOME,https://cdn.soccerwiki.org/images/player/85688.png,
85691,Leonardo,ESCORCIA,https://cdn.soccerwiki.org/images/player/85691.png,
85693,Dubán,PALACIO,https://cdn.soccerwiki.org/images/player/85693.png,
85695,Diego,CUADROS,https://cdn.soccerwiki.org/images/player/85695.png,
85701,Santiago,JIMÉNEZ,https://cdn.soccerwiki.org/images/player/85701.png,
85702,Carlos,PÁEZ,https://cdn.soccerwiki.org/images/player/85702.png,
85703,Santiago,RUIZ,https://cdn.soccerwiki.org/images/player/85703.png,
85704,Jorge,SEGURA,https://cdn.soccerwiki.org/images/player/85704.png,
85707,Michael,LÓPEZ,,
85708,Diego,MORENO,https://cdn.soccerwiki.org/images/player/85708.png,
85710,Daniel,ROJANO,https://cdn.soccerwiki.org/images/player/85710.png,
85711,Iván,ROJAS,https://cdn.soccerwiki.org/images/player/85711.png,
85714,Eliécer,ESPINOSA,https://cdn.soccerwiki.org/images/player/85714.png,
85716,Yeison,GUZMÁN,https://cdn.soccerwiki.org/images/player/85716.png,
85717,Michael,GÓMEZ,https://cdn.soccerwiki.org/images/player/85717.png,
85718,Duván,VERGARA,https://cdn.soccerwiki.org/images/player/85718.png,
85726,Marvin,VALLECILLA,,
85728,Breidy,GOLUZ,,
85734,Edis,IBARGÜEN,https://cdn.soccerwiki.org/images/player/85734.png,
85735,Duman,HERRERA,,
85738,Carlos,RIASCOS,,
85739,Yhormar,HURTADO,https://cdn.soccerwiki.org/images/player/85739.png,
85740,Juan David,RÍOS,https://cdn.soccerwiki.org/images/player/85740.png,
85741,John Henry,SÁNCHEZ,,
86910,Juancho,VICTORIA,https://cdn.soccerwiki.org/images/player/86910.png,
87429,Leonardo,RUIZ,https://cdn.soccerwiki.org/images/player/87429.png,
87480,Cristian,VALENCIA,https://cdn.soccerwiki.org/images/player/87480.jpg,
87481,Daniel,MURILLO,,
87484,Marlon,SOLÍS OSORIO,,
87486,Miguel,LEÓN,,
87487,José,PALACIOS,,
87488,Kelvin,OSORIO,https://cdn.soccerwiki.org/images/player/87488.png,
87489,Juan,VALENCIA,https://cdn.soccerwiki.org/images/player/87489.png,
87494,Víctor,CABEZAS,https://cdn.soccerwiki.org/images/player/87494.png,
87496,Tardelis,PEÑA,,
87499,Yimmer,SALAS,,
87503,Pedro,VALOYES,https://cdn.soccerwiki.org/images/player/87503.png,
87504,Juan Diego,GIRALDO,,
87505,Luis,HURTADO,,
87507,Aldair,QUINTANA,https://cdn.soccerwiki.org/images/player/87507.png,
87511,Esteban,RUÍZ,https://cdn.soccerwiki.org/images/player/87511.png,
87512,Neider,BARONA,,
87514,Michel,CÁRDENAS,,
87517,David,LEMOS,https://cdn.soccerwiki.org/images/player/87517.png,
87518,Luis,SINISTERRA,https://cdn.soccerwiki.org/images/player/87518.png,
87520,Devis,VÁSQUEZ,https://cdn.soccerwiki.org/images/player/87520.png,
87528,Carlos,CUESTA,https://cdn.soccerwiki.org/images/player/87528.png,
87529,Duván,URIBE,,
87530,Juan Pablo,RAMÍREZ,https://cdn.soccerwiki.org/images/player/87530.png,
87532,Andrés,CÓRDOBA,,
87533,Hadier,BORJA,,
87534,Andrés,SARMIENTO,https://cdn.soccerwiki.org/images/player/87534.png,
87538,Breiner,PAZ,https://cdn.soccerwiki.org/images/player/87538.png,
87539,Santiago,MOSQUERA,https://cdn.soccerwiki.org/images/player/87539.png,
87547,Eber,DÍAZ,,
88058,Cucho,HERNÁNDEZ,https://cdn.soccerwiki.org/images/player/88058.png,
88638,Carlos,MORENO,https://cdn.soccerwiki.org/images/player/88638.png,
88810,Lucho,GARCÍA,https://cdn.soccerwiki.org/images/player/88810.png,
89088,Jhon,ARIAS,https://cdn.soccerwiki.org/images/player/89088.png,
89243,Nicolás,GIL,https://cdn.soccerwiki.org/images/player/89243.png,
89244,Carlos,POLO,,
89250,Homer,MARTÍNEZ,https://cdn.soccerwiki.org/images/player/89250.png,
89251,Luis,SANDOVAL,https://cdn.soccerwiki.org/images/player/89251.png,
89252,Enrique,SERJE,https://cdn.soccerwiki.org/images/player/89252.png,
89254,Iván,ANGULO,https://cdn.soccerwiki.org/images/player/89254.png,
89256,Harlin,SUÁREZ,https://cdn.soccerwiki.org/images/player/89256.png,
89257,Kevin,SALAZAR,https://cdn.soccerwiki.org/images/player/89257.png,
89258,Dayron,BENAVIDES,,
89261,Eddie,SEGURA,https://cdn.soccerwiki.org/images/player/89261.png,
89267,David,CAMACHO,https://cdn.soccerwiki.org/images/player/89267.png,
89268,Domingo,ORTIZ,,
89269,Manuel,ARIAS,https://cdn.soccerwiki.org/images/player/89269.png,
89271,Aldair,GUTIÉRREZ,https://cdn.soccerwiki.org/images/player/89271.png,
89272,Mateo,PUERTA,https://cdn.soccerwiki.org/images/player/89272.png,
89274,Julián,MILLÁN,https://cdn.soccerwiki.org/images/player/89274.png,
89276,Duvan,SEVILLANO,,
89277,Duvan,SÁNCHEZ,,
89278,Mateo,TREJOS,,
89279,Brayan,FERNÁNDEZ,https://cdn.soccerwiki.org/images/player/89279.png,
89280,Yeison,MORENO,https://cdn.soccerwiki.org/images/player/89280.png,
89291,Fabián,MOSQUERA,https://cdn.soccerwiki.org/images/player/89291.png,
89294,Felipe,ÁVILA,https://cdn.soccerwiki.org/images/player/89294.png,
89296,Ángel,BONILLA,https://cdn.soccerwiki.org/images/player/89296.png,
89302,Harrinson,MANCILLA,https://cdn.soccerwiki.org/images/player/89302.png,
89309,Arley,BONILLA,,
89310,Ethan,GONZÁLEZ,,
89319,Freddy,FLÓREZ,https://cdn.soccerwiki.org/images/player/89319.png,
89320,Edwin,TORRES,https://cdn.soccerwiki.org/images/player/89320.png,
89322,Óscar,CABEZAS,https://cdn.soccerwiki.org/images/player/89322.png,
89323,Jhon,MENA,https://cdn.soccerwiki.org/images/player/89323.png,
89324,Saramys,RODRÍGUEZ,,
89325,Sebastián,GUTIÉRREZ,,
89330,David,AGUDELO,,
89331,Juan David,RAMÍREZ,https://cdn.soccerwiki.org/images/player/89331.png,
89332,Federico,ARBELÁEZ,https://cdn.soccerwiki.org/images/player/89332.png,
89339,Cristian,MOYA,https://cdn.soccerwiki.org/images/player/89339.png,
89340,José Orlando,PÉREZ,,
89341,David,PÉREZ,,
89342,Jean,RIVERA,,
89343,Jeferson,RIVAS,https://cdn.soccerwiki.org/images/player/89343.png,
89376,Camilo,MONROY,https://cdn.soccerwiki.org/images/player/89376.png,
89380,Geimer,BALANTA,https://cdn.soccerwiki.org/images/player/89380.png,
89393,Hansel,ZAPATA,https://cdn.soccerwiki.org/images/player/89393.png,
89397,Jhohan,ROMAÑA,https://cdn.soccerwiki.org/images/player/89397.png,
89399,Eduard,ATUESTA,https://cdn.soccerwiki.org/images/player/89399.png,
89400,Mauricio,CORTÉS,,
89701,Bryam,REBELLÓN,,
89891,Victor,ARBOLEDA,https://cdn.soccerwiki.org/images/player/89891.png,
90596,Yeison,MENA,,
90939,Jhon Steven,MONDRAGÓN,https://cdn.soccerwiki.org/images/player/90939.png,
91187,Jader,VALENCIA,https://cdn.soccerwiki.org/images/player/91187.png,
91780,Rodrigo,RIVAS,https://cdn.soccerwiki.org/images/player/91780.png,
92814,José,CORTÉS,https://cdn.soccerwiki.org/images/player/92814.png,
93078,Jaminton,CAMPAZ,https://cdn.soccerwiki.org/images/player/93078.png,
93132,Gustavo,TORRES,https://cdn.soccerwiki.org/images/player/93132.png,
93204,Miguel,BARRAGÁN,,
93210,Tony,GUTIERREZ,,
93708,Brayner,DE ALBA,,
93831,Daniel,MANTILLA,https://cdn.soccerwiki.org/images/player/93831.png,
94105,Luis,HINESTROZA,,
94327,Kevin,ALADESANMI,https://cdn.soccerwiki.org/images/player/94327.png,
94847,Deiby,OCHOA,https://cdn.soccerwiki.org/images/player/94847.png,
94935,Geisson,PEREA,https://cdn.soccerwiki.org/images/player/94935.png,
95149,Damir,CÉTER,https://cdn.soccerwiki.org/images/player/95149.png,
95294,Johan,CABALLERO,https://cdn.soccerwiki.org/images/player/95294.png,
95315,Jonathan,CAPACHO,,
95360,Yeison,TOLOSA,https://cdn.soccerwiki.org/images/player/95360.png,
95462,Efraín,NAVARRO,https://cdn.soccerwiki.org/images/player/95462.png,
95465,Sebastián,ARANGO,https://cdn.soccerwiki.org/images/player/95465.png,
95466,Aldair,ARNEDO,,
95467,José,MOSQUERA,,
95468,Luis,TOLOZA,,
95469,Juan David,DÍAZ,,
95474,José,MUÑOZ,https://cdn.soccerwiki.org/images/player/95474.png,
95475,Andrey,ESTUPIÑÁN,https://cdn.soccerwiki.org/images/player/95475.png,
95477,Cristhian,CAÑIZALES,,
95488,Cristian,ARROYAVE,,
95489,Juan,MONTOYA,,
95490,Anderson,ANGULO,https://cdn.soccerwiki.org/images/player/95490.png,
95492,Diego,SÁNCHEZ,https://cdn.soccerwiki.org/images/player/95492.png,
95493,David,MONTOYA,,
95494,Juan Felipe,AGUIRRE,https://cdn.soccerwiki.org/images/player/95494.png,
95495,Jonathan,MARULANDA,https://cdn.soccerwiki.org/images/player/95495.png,
95496,Mateo,MUÑOZ,https://cdn.soccerwiki.org/images/player/95496.png,
95497,Felipe,JARAMILLO,https://cdn.soccerwiki.org/images/player/95497.png,
95500,Duván,GONZÁLEZ,,
95502,Wilmar,CRUZ,https://cdn.soccerwiki.org/images/player/95502.png,
95503,Sebastián,GÓMEZ,https://cdn.soccerwiki.org/images/player/95503.png,
95504,Jeison,MEDINA,https://cdn.soccerwiki.org/images/player/95504.png,
95505,Miguel,HERRERA,,
95507,Jáider,RIQUETT,https://cdn.soccerwiki.org/images/player/95507.png,
95508,Johan,CELEMÍN,,
95509,Daniel,PADILLA,,
95510,Matheo,CASTAÑO,https://cdn.soccerwiki.org/images/player/95510.png,
95512,Cristian,BARRIOS,https://cdn.soccerwiki.org/images/player/95512.png,
95513,Arbey,MOSQUERA,,
95517,Daniel,MUÑOZ,https://cdn.soccerwiki.org/images/player/95517.png,
95519,Juan,OTÁLVARO,https://cdn.soccerwiki.org/images/player/95519.png,
95520,Jesús,RIVAS,https://cdn.soccerwiki.org/images/player/95520.png,
95522,Sergio,PABÓN,https://cdn.soccerwiki.org/images/player/95522.png,
95524,José,MARTÍNEZ,,
95525,Luis,DÍAZ,https://cdn.soccerwiki.org/images/player/95525.png,https://cdn.soccerwiki.org/images/player/95525-action.png
95526,Johan,BOCANEGRA,https://cdn.soccerwiki.org/images/player/95526.png,
95527,Stiwart,ACUÑA,,
95533,Santiago,ROA,,
95536,Carlos,MOSQUERA,,
95537,Larry,ANGULO,https://cdn.soccerwiki.org/images/player/95537.png,
95538,José,GUZMÁN,,
95543,Andrés,AMAYA,https://cdn.soccerwiki.org/images/player/95543.png,
95544,Jean Carlos,PESTAÑA,https://cdn.soccerwiki.org/images/player/95544.png,
95546,Daniel,MORENO,https://cdn.soccerwiki.org/images/player/95546.png,
95549,Edwar,LÓPEZ,https://cdn.soccerwiki.org/images/player/95549.png,
95553,Cristian,BALDOVINO,https://cdn.soccerwiki.org/images/player/95553.png,
95554,Jhonatan,PÉREZ,https://cdn.soccerwiki.org/images/player/95554.png,
95558,Andrés Felipe,ROMÁN,https://cdn.soccerwiki.org/images/player/95558.png,
95559,Omar,BERTEL,https://cdn.soccerwiki.org/images/player/95559.png,
95560,Juan Camilo,SALAZAR,https://cdn.soccerwiki.org/images/player/95560.png,
95562,Nicolás,MURCIA,,
95563,Carlos,LÓPEZ,https://cdn.soccerwiki.org/images/player/95563.png,
95564,Kevin,RIVAS,https://cdn.soccerwiki.org/images/player/95564.png,
95565,Gustavo,CARVAJAL,https://cdn.soccerwiki.org/images/player/95565.png,
95566,Juan,ASPRILLA,https://cdn.soccerwiki.org/images/player/95566.png,
95567,Kevin,VIVEROS,https://cdn.soccerwiki.org/images/player/95567.png,
95568,Mayer,VIDAL,https://cdn.soccerwiki.org/images/player/95568.png,
95579,Santiago,LONDOÑO,https://cdn.soccerwiki.org/images/player/95579.png,
95582,Luis,RODRÍGUEZ,,
95583,Santiago,NOREÑA,https://cdn.soccerwiki.org/images/player/95583.png,
95591,Neyder,MORENO,https://cdn.soccerwiki.org/images/player/95591.png,
95594,Carlos,ROJAS,,
95629,Jimmy,VALOYES,,
95630,José,ORTIZ,https://cdn.soccerwiki.org/images/player/95630.png,
95636,Stiven,RENTERÍA,,
95637,Déiber,CAICEDO,https://cdn.soccerwiki.org/images/player/95637.png,
95638,Sebastian,GUERRA,https://cdn.soccerwiki.org/images/player/95638.png,
95639,Andrés,REYES,https://cdn.soccerwiki.org/images/player/95639.png,
95640,Jorman,CAMPUZANO,https://cdn.soccerwiki.org/images/player/95640.png,
95643,Miguel,NAZARIT,https://cdn.soccerwiki.org/images/player/95643.png,
95645,Sebastián,GUZMÁN,https://cdn.soccerwiki.org/images/player/95645.png,
95646,Marcelino,CARREAZO,https://cdn.soccerwiki.org/images/player/95646.png,
95647,Sebastián,PALMA,https://cdn.soccerwiki.org/images/player/95647.png,
95648,Johan,CARBONERO,https://cdn.soccerwiki.org/images/player/95648.png,
95649,Ménder,GARCÍA,https://cdn.soccerwiki.org/images/player/95649.png,
95653,Yimy,GÓMEZ,https://cdn.soccerwiki.org/images/player/95653.png,
95655,Jaime,GIRALDO,,
95656,Rivaldo,CORREA,,
95904,Manuel,LOAIZA,,
96867,Edwuin,CETRÉ,https://cdn.soccerwiki.org/images/player/96867.png,
96920,Gabriel,FUENTES,https://cdn.soccerwiki.org/images/player/96920.png,
97405,Diego,CALDERÓN,https://cdn.soccerwiki.org/images/player/97405.png,
97483,Bladimir,DÍAZ,https://cdn.soccerwiki.org/images/player/97483.png,
97732,Steven,ALZATE,https://cdn.soccerwiki.org/images/player/97732.png,
97855,Luis,SUÁREZ,https://cdn.soccerwiki.org/images/player/97855.png,
98254,Jeison,QUIÑONES,https://cdn.soccerwiki.org/images/player/98254.png,
98272,Daniel,BEDOYA,,
98442,Neyder,LOZANO,https://cdn.soccerwiki.org/images/player/98442.png,
99829,Ian,POVEDA,https://cdn.soccerwiki.org/images/player/99829.png,
99942,Ricardo,MÁRQUEZ,https://cdn.soccerwiki.org/images/player/99942.png,
100030,Edwin,BANGUERA,https://cdn.soccerwiki.org/images/player/100030.png,
100169,Nicolás,HERNÁNDEZ,https://cdn.soccerwiki.org/images/player/100169.png,
100213,Juan Camilo,BECERRA,https://cdn.soccerwiki.org/images/player/100213.png,
100384,Juan Felipe,VILLA,https://cdn.soccerwiki.org/images/player/100384.png,
100420,Juan,PEÑALOZA,https://cdn.soccerwiki.org/images/player/100420.png,
100466,Santiago,PATIÑO,https://cdn.soccerwiki.org/images/player/100466.png,
100639,Alexander,PORRAS,,
100640,Edwin,HERRERA,https://cdn.soccerwiki.org/images/player/100640.png,
100641,Juan Sebastián,PEDROZA,https://cdn.soccerwiki.org/images/player/100641.png,
100644,Víctor,MORENO,https://cdn.soccerwiki.org/images/player/100644.png,
100647,Kevin,AGUDELO,https://cdn.soccerwiki.org/images/player/100647.png,
100648,Jhon,CÓRDOBA,https://cdn.soccerwiki.org/images/player/100648.png,
100649,Hernán,HERNÁNDEZ,,
100650,Kevin,SALAZAR,,
100651,Luis,MOSQUERA,,
100652,Francisco,PUNGO,,
100656,Sebastián,RODRÍGUEZ,https://cdn.soccerwiki.org/images/player/100656.png,
100658,Jacobo,ESCOBAR,,
100659,Edwin,ORTEGA,,
100661,Jhan,VALENCIA,https://cdn.soccerwiki.org/images/player/100661.png,
100662,Jorge,OBREGÓN,https://cdn.soccerwiki.org/images/player/100662.png,
100664,Braison,CARDONA,,
100665,Juan,SILGADO,,
100666,Vicente,PRADO,https://cdn.soccerwiki.org/images/player/100666.png,
100671,Juan Pablo,VACCA,https://cdn.soccerwiki.org/images/player/100671.png,
100672,Francisco,CHAVERRA,https://cdn.soccerwiki.org/images/player/100672.png,
100673,Jhan,CUERO,,
100674,Juan,MARÍN,,
100677,Fabián,CANTILLO,,
100678,Brayan,CORREA,https://cdn.soccerwiki.org/images/player/100678.png,
100679,Dixon,RENTERÍA,https://cdn.soccerwiki.org/images/player/100679.png,
100680,Julio,MURILLO,,
100681,Yulián,GÓMEZ,https://cdn.soccerwiki.org/images/player/100681.png,
100682,Andrés,CANCHANO,,
100683,Ruyery,BLANCO,https://cdn.soccerwiki.org/images/player/100683.png,
100684,Hernán,LUNA,,
100685,Jhojan,VALENCIA,https://cdn.soccerwiki.org/images/player/100685.png,
100686,Diego,RUÍZ,,
100688,Ronaldo,LORA,https://cdn.soccerwiki.org/images/player/100688.png,
100689,Andrés,CORTABARRIA,,
100691,Andrés,ARIZA,https://cdn.soccerwiki.org/images/player/100691.png,
100693,Guillermo,TEGUE,,
100694,Juan Manuel,CUESTA,https://cdn.soccerwiki.org/images/player/100694.png,
100695,Yhojan,VALBUENA,https://cdn.soccerwiki.org/images/player/100695.png,
100696,Juan,DÍAZ,https://cdn.soccerwiki.org/images/player/100696.png,
100697,Bryan,CASTRILLÓN,https://cdn.soccerwiki.org/images/player/100697.png,
100698,Steven,RODRÍGUEZ,https://cdn.soccerwiki.org/images/player/100698.png,
100700,Alejandro,GARCÍA,https://cdn.soccerwiki.org/images/player/100700.png,
100702,Carlos,PÁJARO,,
100703,Juan,OCAMPO,,
100704,Juan,SALCEDO,,
100705,Edison,LÓPEZ,https://cdn.soccerwiki.org/images/player/100705.png,
100706,Yadir,MENESES,,
100711,Jhon,DURÁN,https://cdn.soccerwiki.org/images/player/100711.png,
100712,Carlos,TERÁN,https://cdn.soccerwiki.org/images/player/100712.png,
100713,Ederson,CABEZAS,https://cdn.soccerwiki.org/images/player/100713.png,
100715,Ederson,MORENO,https://cdn.soccerwiki.org/images/player/100715.png,
100716,Sebastián,ACOSTA,https://cdn.soccerwiki.org/images/player/100716.png,
100717,Adrián,ESTACIO,https://cdn.soccerwiki.org/images/player/100717.png,
100718,Sebastián,VALENZUELA,,
100719,Kevin,MIER,https://cdn.soccerwiki.org/images/player/100719.png,
100720,Brayan,CÓRDOBA,https://cdn.soccerwiki.org/images/player/100720.png,
100721,Miguel,QUINTERO,,
100722,Yílmar,VELÁSQUEZ,https://cdn.soccerwiki.org/images/player/100722.png,
100723,Marlon,TORRES,,
100724,Felix,CHARRUPÍ,https://cdn.soccerwiki.org/images/player/100724.png,
100725,Yéiler,GÓEZ,https://cdn.soccerwiki.org/images/player/100725.png,
100726,Cristian,BLANCO,https://cdn.soccerwiki.org/images/player/100726.png,
100727,Brayan,GÓMEZ,,
100729,Sebastián,YABUR,https://cdn.soccerwiki.org/images/player/100729.png,
100730,Yair,MENA,https://cdn.soccerwiki.org/images/player/100730.png,
100731,Hayen,PALACIOS,https://cdn.soccerwiki.org/images/player/100731.png,
100732,Juan,SERRANO,,
100733,Juan,MANCILLA,,
100734,Juan,PORTILLA,https://cdn.soccerwiki.org/images/player/100734.png,
100735,Alexis,SERNA,,
100736,Jonathan,HERRERA,https://cdn.soccerwiki.org/images/player/100736.png,
100737,Luis,MORÁN,,
100739,Kevin,MORENO,https://cdn.soccerwiki.org/images/player/100739.png,
100741,Gustavo,CHARÁ,,
100743,Andrés,ARROYO,https://cdn.soccerwiki.org/images/player/100743.png,
100744,Anderson,MOJICA,,
100745,Andrés,COLORADO,https://cdn.soccerwiki.org/images/player/100745.png,
100747,Kevin,VELASCO,https://cdn.soccerwiki.org/images/player/100747.png,
100748,Juan,RENGIFO,,
100749,Julián,ZEA,,
100750,Iván,IBAÑEZ,,
100751,Juan Camilo,CHAVERRA,https://cdn.soccerwiki.org/images/player/100751.png,
100769,Breyner,ZAPATA,,
100770,Juan Pablo,MARÍN,,
100773,Luis,MIRANDA,https://cdn.soccerwiki.org/images/player/100773.png,
100774,Juan,MORENO,https://cdn.soccerwiki.org/images/player/100774.png,
100775,Alex,RAMBAL,,
100776,Juan Camilo,GARCÍA,https://cdn.soccerwiki.org/images/player/100776.png,
100777,Jorge,RENGIFO,https://cdn.soccerwiki.org/images/player/100777.png,
100778,Orles,ARAGÓN,,
100781,Jeison,PINILLO,,
100784,Carlos,SIERRA,https://cdn.soccerwiki.org/images/player/100784.png,
100785,Jhon,QUIÑONES,,
100788,Santiago,MORENO,https://cdn.soccerwiki.org/images/player/100788.png,
100789,Juan Camilo,MESA,https://cdn.soccerwiki.org/images/player/100789.png,
100790,Luis,SÁNCHEZ,https://cdn.soccerwiki.org/images/player/100790.png,
100791,Jean Carlos,SINISTERRA,,
100792,Andrés,ÁLVAREZ,,
100793,Juan,NIEVA,https://cdn.soccerwiki.org/images/player/100793.png,
100794,Mario,GUERRERO,,
100795,Julián,GUEVARA,https://cdn.soccerwiki.org/images/player/100795.png,
100796,Marino,HINESTROZA,https://cdn.soccerwiki.org/images/player/100796.png,
100797,Camilo,DÍAZ,,
100798,Willer,DITTA,https://cdn.soccerwiki.org/images/player/100798.png,
100799,César,HAYDAR,https://cdn.soccerwiki.org/images/player/100799.png,
100800,Jhesuad,SALAMANCA,,
101119,Ángel,TORRES,https://cdn.soccerwiki.org/images/player/101119.png,
101369,Brayan,VERA,https://cdn.soccerwiki.org/images/player/101369.png,
102358,Darío,CASTRO,https://cdn.soccerwiki.org/images/player/102358.png,
102653,José Raúl,ZÚÑIGA,https://cdn.soccerwiki.org/images/player/102653.png,
103003,Juan José,PEREA,https://cdn.soccerwiki.org/images/player/103003.png,
103460,Sebastián,VÁSQUEZ,https://cdn.soccerwiki.org/images/player/103460.png,
103820,Dylan,BORRERO,https://cdn.soccerwiki.org/images/player/103820.png,
104052,Cristian,ZÚÑIGA,,
104099,Esneyder,MENA,https://cdn.soccerwiki.org/images/player/104099.png,
104147,Camilo,MENA,https://cdn.soccerwiki.org/images/player/104147.png,
104590,Raúl,ZULES,https://cdn.soccerwiki.org/images/player/104590.png,
104785,Jaime,ALVARADO,https://cdn.soccerwiki.org/images/player/104785.png,
104901,Juergen,ELITIM,https://cdn.soccerwiki.org/images/player/104901.png,
105484,Edward,BOLAÑOS,https://cdn.soccerwiki.org/images/player/105484.png,
106306,Yeferson,CONTRERAS,https://cdn.soccerwiki.org/images/player/106306.png,
106864,Dilan,ORTÍZ,,
107561,Carlos,LUCUMÍ,https://cdn.soccerwiki.org/images/player/107561.png,
107610,Luis Fernando,CAICEDO,,
107624,Ignacio,YEPEZ,https://cdn.soccerwiki.org/images/player/107624.png,
108639,Richard,RIOS,https://cdn.soccerwiki.org/images/player/108639.png,
108868,Cristian,DEVENISH,https://cdn.soccerwiki.org/images/player/108868.png,
108927,Lucho,VÁSQUEZ,https://cdn.soccerwiki.org/images/player/108927.png,
108954,Fabián,ÁNGEL,https://cdn.soccerwiki.org/images/player/108954.png,
108955,Pablo,ORTÍZ,https://cdn.soccerwiki.org/images/player/108955.png,
108957,Sebastián,HERRERA,https://cdn.soccerwiki.org/images/player/108957.png,
109323,Daniel,QUIÑONES,https://cdn.soccerwiki.org/images/player/109323.png,
109450,Alexander,VALENCIA,,
109629,Jair,CASTILLO,https://cdn.soccerwiki.org/images/player/109629.png,
109631,David,CUPERMAN,https://cdn.soccerwiki.org/images/player/109631.png,
109732,Jefferson,RAMOS,https://cdn.soccerwiki.org/images/player/109732.png,
110397,Efmamjjasond,GONZÁLEZ,https://cdn.soccerwiki.org/images/player/110397.png,
110629,Carlos,FONSECA,,
110715,José,CAICEDO,https://cdn.soccerwiki.org/images/player/110715.png,
110771,Juan,ALEGRÍA,https://cdn.soccerwiki.org/images/player/110771.png,
110871,Aldayr,HERNÁNDEZ,https://cdn.soccerwiki.org/images/player/110871.png,
111070,Yerson,MOSQUERA,https://cdn.soccerwiki.org/images/player/111070.png,
111121,Juan,CASTILLA,https://cdn.soccerwiki.org/images/player/111121.png,
111147,Daniel,LUNA,https://cdn.soccerwiki.org/images/player/111147.png,
111569,Emerson,RODRÍGUEZ,https://cdn.soccerwiki.org/images/player/111569.png,
111798,Fredy,VALENCIA,https://cdn.soccerwiki.org/images/player/111798.png,
111839,Joshuan,BERRIOS,,
111867,Tomás,ÁNGEL,https://cdn.soccerwiki.org/images/player/111867.png,
112035,Carlos,TORRES,https://cdn.soccerwiki.org/images/player/112035.png,
112036,David,MINA,https://cdn.soccerwiki.org/images/player/112036.png,
112113,Humberto,ACEVEDO,https://cdn.soccerwiki.org/images/player/112113.png,
112539,Edwin,MOSQUERA,https://cdn.soccerwiki.org/images/player/112539.png,
112767,Mario,RAMÍREZ,,
112768,Steven,APONZÁ,,
112797,Michell,MERCADO,,
113625,Daniel,RODRÍGUEZ,,
113818,Frank,CASTAÑEDA,https://cdn.soccerwiki.org/images/player/113818.png,
113837,Flabián,LONDOÑO,https://cdn.soccerwiki.org/images/player/113837.png,
114012,Kevin,ROSERO,https://cdn.soccerwiki.org/images/player/114012.png,
114945,Moisés,MOSQUERA,https://cdn.soccerwiki.org/images/player/114945.png,
115212,José,LÓPEZ,,
115363,Jean,COLORADO,https://cdn.soccerwiki.org/images/player/115363.png,
115465,Fernando,ÁLVAREZ,https://cdn.soccerwiki.org/images/player/115465.png,
115777,Luis,MARQUINEZ,https://cdn.soccerwiki.org/images/player/115777.png,
115778,Alexis,ESTUPIÑÁN,,
115779,Juan,CABAL,https://cdn.soccerwiki.org/images/player/115779.png,
115780,Jimer,FORY,https://cdn.soccerwiki.org/images/player/115780.png,
115782,Nelson,PALACIO,https://cdn.soccerwiki.org/images/player/115782.png,
115783,Camilo,ROMERO,https://cdn.soccerwiki.org/images/player/115783.png,
115784,Ricardo,ROSALES,https://cdn.soccerwiki.org/images/player/115784.png,
115787,Kliver,MORENO,https://cdn.soccerwiki.org/images/player/115787.png,
115788,Daniel,RUIZ,https://cdn.soccerwiki.org/images/player/115788.png,
115791,Edgar,GUERRA,https://cdn.soccerwiki.org/images/player/115791.png,
115792,Yuber,QUIÑONES,https://cdn.soccerwiki.org/images/player/115792.png,
115793,Diego,ABADÍA,https://cdn.soccerwiki.org/images/player/115793.png,
115794,Léider,RIASCOS,https://cdn.soccerwiki.org/images/player/115794.png,
115795,Cristian,TRUJILLO,https://cdn.soccerwiki.org/images/player/115795.png,
115796,Juan,RUBIANO,https://cdn.soccerwiki.org/images/player/115796.png,
115797,Junior,HERNÁNDEZ,https://cdn.soccerwiki.org/images/player/115797.png,
115798,Juan Camilo,SUÁREZ,,
115799,Joan,PARRA,https://cdn.soccerwiki.org/images/player/115799.png,
115800,Daniel,MELO,https://cdn.soccerwiki.org/images/player/115800.png,
115802,Yilson,MOSQUERA,https://cdn.soccerwiki.org/images/player/115802.png,
115804,Carlos,ORDÓÑEZ,https://cdn.soccerwiki.org/images/player/115804.png,
115805,Yeferson,RODALLEGA,https://cdn.soccerwiki.org/images/player/115805.png,
115806,Yilmar,CELEDÓN,https://cdn.soccerwiki.org/images/player/115806.png,
115808,Juan,ZAPATA,https://cdn.soccerwiki.org/images/player/115808.png,
115809,Yáser,ASPRILLA,https://cdn.soccerwiki.org/images/player/115809.png,
115810,Carlos,PATERNINA,,
115811,Jáder,MAZA,https://cdn.soccerwiki.org/images/player/115811.png,
115812,Santiago,MUÑOZ,https://cdn.soccerwiki.org/images/player/115812.png,
115817,Santiago,AGUILAR,,
115821,Andrés,MORALES,https://cdn.soccerwiki.org/images/player/115821.png,
115822,Luis,ANGULO,https://cdn.soccerwiki.org/images/player/115822.png,
115823,Jaime,MORA,,
115826,Harlen,CASTILLO,https://cdn.soccerwiki.org/images/player/115826.png,
115828,Carlos,GARCÉS,https://cdn.soccerwiki.org/images/player/115828.png,
115829,Jherson,MOSQUERA,https://cdn.soccerwiki.org/images/player/115829.png,
115830,Jorge,BERMÚDEZ,,
115832,Delio,RAMÍREZ,,
115833,Alejandro,PIEDRAHITA,https://cdn.soccerwiki.org/images/player/115833.png,
115834,Javier,GARCÍA,,
115838,Jefferson,SÁNCHEZ,,
115839,Yeison,CARABALÍ,,
115840,Jesús,FIGUEROA,https://cdn.soccerwiki.org/images/player/115840.png,
115841,Brayan,CEBALLOS,https://cdn.soccerwiki.org/images/player/115841.png,
115842,Jhon,BALANTA,,
115844,Mateo,GARAVITO,https://cdn.soccerwiki.org/images/player/115844.png,
115848,Leyser,CHAVERRA,https://cdn.soccerwiki.org/images/player/115848.png,
115849,Kevin,NUÑEZ,,
115850,Didier,PINO,https://cdn.soccerwiki.org/images/player/115850.png,
115862,Yani,QUINTERO,https://cdn.soccerwiki.org/images/player/115862.png,
115863,Jader,QUIÑÓNES,https://cdn.soccerwiki.org/images/player/115863.png,
115865,Christian,MINA,,
115866,Jairo Javier,BORRERO,,
115868,Luis,MINA,,
115869,Diego,RODRÍGUEZ,,
115870,Wilson,ESPAÑA,,
115871,Jefferson,CHURI,,
115873,David,QUINTERO,https://cdn.soccerwiki.org/images/player/115873.png,
115874,Kevin,ANDRADE,https://cdn.soccerwiki.org/images/player/115874.png,
115875,Daniel,CIFUENTES,,
115876,Jhon Alex,PALACIOS,https://cdn.soccerwiki.org/images/player/115876.png,
115879,Jhon,ORTÍZ,https://cdn.soccerwiki.org/images/player/115879.png,
115880,Cristian,RODRÍGUEZ,https://cdn.soccerwiki.org/images/player/115880.png,
115884,Pedro,BRAVO,https://cdn.soccerwiki.org/images/player/115884.png,
115885,Yaliston,MARTÍNEZ,,
115886,Emerson,BATALLA,https://cdn.soccerwiki.org/images/player/115886.png,
115887,Carlos,CORTÉS,https://cdn.soccerwiki.org/images/player/115887.png,
115888,Javier Mateo,ORTÍZ,https://cdn.soccerwiki.org/images/player/115888.png,
115938,Didier,BUENO,https://cdn.soccerwiki.org/images/player/115938.png,
115939,Juan,MOSQUERA,https://cdn.soccerwiki.org/images/player/115939.png,
115940,David,LOAIZA,https://cdn.soccerwiki.org/images/player/115940.png,
115941,Yesid,DÍAZ,https://cdn.soccerwiki.org/images/player/115941.png,
115942,José,ESTUPIÑÁN,https://cdn.soccerwiki.org/images/player/115942.png,
115943,Jaen,PINEDA,https://cdn.soccerwiki.org/images/player/115943.png,
115945,Robert,HARRYS,,
115946,Miguel,MONSALVE,https://cdn.soccerwiki.org/images/player/115946.png,
115947,Juan Pablo,GALLEGO,https://cdn.soccerwiki.org/images/player/115947.png,
115948,Diber,CAMBINDO,https://cdn.soccerwiki.org/images/player/115948.png,
115949,Álvaro,MELÉNDEZ,https://cdn.soccerwiki.org/images/player/115949.png,
115950,José,CUENÚ,https://cdn.soccerwiki.org/images/player/115950.png,
115951,Stevenson,JÉREZ,,
115952,Óscar,ALCOCER,,
115953,Johan,CRISTANCHO,,
115954,Juan,MARCELIN,,
115996,Jorge,SOTO,https://cdn.soccerwiki.org/images/player/115996.png,
115997,Iván,SCARPETA,https://cdn.soccerwiki.org/images/player/115997.png,
115998,Mauricio,CASTAÑO,,
115999,Jhon,ALTAMIRANDA,https://cdn.soccerwiki.org/images/player/115999.png,
116004,Jhon,LABASTIDAS,,
116006,Dairon,VALENCIA,,
116013,Johan,GÓMEZ,,
116046,Freddy,MOSQUERA,,
116048,Alejandro,ARTUNDUAGA,https://cdn.soccerwiki.org/images/player/116048.png,
116049,José,AMPUDIA,https://cdn.soccerwiki.org/images/player/116049.png,
116051,Kevin,CASTAÑO,https://cdn.soccerwiki.org/images/player/116051.png,
116052,Juan,DÍAZ,https://cdn.soccerwiki.org/images/player/116052.png,
116053,Tomás,SALAZAR,,
116055,Jhonier,BLANCO,https://cdn.soccerwiki.org/images/player/116055.png,
116059,Sebastián,ARAUJO,https://cdn.soccerwiki.org/images/player/116059.png,
116060,Alfonso,SIMARRA,https://cdn.soccerwiki.org/images/player/116060.png,
116061,Rubén,MANJARRÉS,https://cdn.soccerwiki.org/images/player/116061.png,
116062,Léider,BERDUGO,https://cdn.soccerwiki.org/images/player/116062.png,
116063,Ferlys,GARCÍA,https://cdn.soccerwiki.org/images/player/116063.png,
116065,Bleiner,AGRÓN,https://cdn.soccerwiki.org/images/player/116065.png,
116066,Joan,CASTRO,https://cdn.soccerwiki.org/images/player/116066.png,
116067,Luis,PALACIOS,https://cdn.soccerwiki.org/images/player/116067.png,
116068,Joiner,MORENO,,
116069,Mateo,AGUILAR,,
116070,Omar,RODRÍGUEZ,https://cdn.soccerwiki.org/images/player/116070.png,
116071,Alejandro,MORALEZ,https://cdn.soccerwiki.org/images/player/116071.png,
116072,Fabio,DELGADO,https://cdn.soccerwiki.org/images/player/116072.png,
116073,Auli,OLIVEROS,https://cdn.soccerwiki.org/images/player/116073.png,
116074,Jersson,GONZÁLEZ,https://cdn.soccerwiki.org/images/player/116074.png,
116076,David,RAMÍREZ,https://cdn.soccerwiki.org/images/player/116076.png,
116077,Exneyder,GUERRERO,https://cdn.soccerwiki.org/images/player/116077.png,
116079,Hollman,MCCORMICK,https://cdn.soccerwiki.org/images/player/116079.png,
116081,Juan,MADRID,,
116082,José,CALDERA,https://cdn.soccerwiki.org/images/player/116082.png,
116083,Juan,FRANCO,https://cdn.soccerwiki.org/images/player/116083.png,
116084,Juan David,GONZÁLEZ,,
116085,Gian,CABEZAS,https://cdn.soccerwiki.org/images/player/116085.png,
116086,Joan,RAMÍREZ,,
116087,Juan,TELLO,https://cdn.soccerwiki.org/images/player/116087.png,
116088,Roger,MURILLO,https://cdn.soccerwiki.org/images/player/116088.png,
116089,Duván,MINA,,
116090,José,MULATO,https://cdn.soccerwiki.org/images/player/116090.png,
116091,Cristian,TOVAR,https://cdn.soccerwiki.org/images/player/116091.png,
116092,Yilson,ROSALES,https://cdn.soccerwiki.org/images/player/116092.png,
116093,Hasan,VERGARA,https://cdn.soccerwiki.org/images/player/116093.png,
116095,Mateo,RODAS,https://cdn.soccerwiki.org/images/player/116095.png,
116096,Carlos,DE LAS SALAS,,
116097,Jorge,POSADA,,
116098,José,ANDRADE,,
116099,José,GUERRA,,
116101,Santiago,OROZCO,https://cdn.soccerwiki.org/images/player/116101.png,
116102,Héctor,SOLANO,,
116104,Mateo,RAMÍREZ,,
116105,Misael,MARTÍNEZ,https://cdn.soccerwiki.org/images/player/116105.png,
116106,Jorge,MENDOZA,,
116107,Yosimarc,TORRES,,
116110,Nicolas,RUBIANO,,
116113,José,CUERO,,
116114,Jorge,CANTE,,
116115,Nelson,DEOSSA,https://cdn.soccerwiki.org/images/player/116115.png,
116116,Brayan,DÍAZ,,
116118,Kevin,PALACIOS,https://cdn.soccerwiki.org/images/player/116118.png,
116119,Jhonatan,CARMONA,,
116121,Arlex,HURTADO,,
116122,Haider,LANDÁZURI,,
116123,Omar,MONTAÑO,,
116124,Brayan,MORENO,https://cdn.soccerwiki.org/images/player/116124.png,
116129,Jhon,MURILLO,https://cdn.soccerwiki.org/images/player/116129.png,
116130,Duván,VIÁFARA,,
116131,Jorge,CARDONA,https://cdn.soccerwiki.org/images/player/116131.png,
116132,Jhonier,LASZO,,
116133,Robert,MEJIA,https://cdn.soccerwiki.org/images/player/116133.png,
116134,Edwin,LASZO,https://cdn.soccerwiki.org/images/player/116134.png,
116135,Dannovi,QUIÑONES,https://cdn.soccerwiki.org/images/player/116135.png,
116137,Nelson,QUIÑONES,https://cdn.soccerwiki.org/images/player/116137.png,
116138,Santiago,CUBIDES,https://cdn.soccerwiki.org/images/player/116138.png,
116267,Diego,PÁEZ,,
116345,Carlos,ROMAÑA,https://cdn.soccerwiki.org/images/player/116345.png,
116399,Cristián,CAÑOZALES,https://cdn.soccerwiki.org/images/player/116399.png,
116469,Kevin,LUGO,https://cdn.soccerwiki.org/images/player/116469.png,
116470,Victor,PERLAZA,https://cdn.soccerwiki.org/images/player/116470.png,
117252,José,CORENA,,
117422,Juan,ANGULO,,
117548,Aldair,MENA,,
117693,Wilinton,APONZÁ,https://cdn.soccerwiki.org/images/player/117693.png,
117777,Kerwin,VARGAS,https://cdn.soccerwiki.org/images/player/117777.png,
117786,Camilo,TRIANA,https://cdn.soccerwiki.org/images/player/117786.png,
117881,Juan,VÁSQUEZ,https://cdn.soccerwiki.org/images/player/117881.png,
117894,Eber,MORENO,https://cdn.soccerwiki.org/images/player/117894.png,
118050,Stiwar,MENA,https://cdn.soccerwiki.org/images/player/118050.png,
118815,Jaidivert,HURTADO,,
118833,Juan,LEMUS,,
118985,Gianfranco,PEÑA,https://cdn.soccerwiki.org/images/player/118985.png,
119264,Edson,ACEVEDO,,
119265,Daniel,MOSQUERA,https://cdn.soccerwiki.org/images/player/119265.png,
119652,Joider,MICOLTA,https://cdn.soccerwiki.org/images/player/119652.png,
119660,Edgar,MEDRANO,,
119674,Federico,BARRIOS,https://cdn.soccerwiki.org/images/player/119674.png,
119687,Ronaldo,ROYERO,https://cdn.soccerwiki.org/images/player/119687.png,
119741,Jesús,DÍAZ,https://cdn.soccerwiki.org/images/player/119741.png,
121023,Sleyther,LORA,https://cdn.soccerwiki.org/images/player/121023.png,
121042,Jhon,SOLÍS,https://cdn.soccerwiki.org/images/player/121042.png,
121072,Andrés,GARCÍA,,
121953,Brayan,MEDINA,https://cdn.soccerwiki.org/images/player/121953.png,
122006,Diego,MOSQUERA,,
122309,Haiderson,HURTADO,https://cdn.soccerwiki.org/images/player/122309.png,
123769,Yorman,ZAPATA,https://cdn.soccerwiki.org/images/player/123769.png,
124366,Óscar,CORTÉS,https://cdn.soccerwiki.org/images/player/124366.png,
124367,Alex,MORENO,https://cdn.soccerwiki.org/images/player/124367.png,
124368,Andrés,GÓMEZ,https://cdn.soccerwiki.org/images/player/124368.png,
124374,Jaime,ACOSTA,https://cdn.soccerwiki.org/images/player/124374.png,
124375,Brahian,PALACIOS,https://cdn.soccerwiki.org/images/player/124375.png,
124376,Luis,SEGURA,,
124377,Juan,TORRES,https://cdn.soccerwiki.org/images/player/124377.png,
124378,Juan José,ARIAS,https://cdn.soccerwiki.org/images/player/124378.png,
124379,Kevin,PÉREZ,https://cdn.soccerwiki.org/images/player/124379.png,
124380,Alejandro,AGUILAR,https://cdn.soccerwiki.org/images/player/124380.png,
124381,Weimar,ASPRILLA,https://cdn.soccerwiki.org/images/player/124381.png,
124385,Onel,ACOSTA,https://cdn.soccerwiki.org/images/player/124385.png,
124386,Juan,MINA,https://cdn.soccerwiki.org/images/player/124386.png,
124387,Miguel,SÁNCHEZ,https://cdn.soccerwiki.org/images/player/124387.png,
124388,Santiago,MERA,https://cdn.soccerwiki.org/images/player/124388.png,
124390,Debinson,MATEUS,,
124391,Juan,BETANCUR,https://cdn.soccerwiki.org/images/player/124391.png,
124393,Johan,ROJAS,https://cdn.soccerwiki.org/images/player/124393.png,
124406,Andrés,PÉREZ,,
124407,Léider,BERRÍO,https://cdn.soccerwiki.org/images/player/124407.png,
124408,Franklin,MOSQUERA,https://cdn.soccerwiki.org/images/player/124408.png,
124410,Ober,ALMANZA,https://cdn.soccerwiki.org/images/player/124410.png,
124411,José,ENAMORADO,https://cdn.soccerwiki.org/images/player/124411.png,
124412,Kevin,MANTILLA,https://cdn.soccerwiki.org/images/player/124412.png,
124416,Eduardo,ZAPATA,https://cdn.soccerwiki.org/images/player/124416.png,
124417,Joel,CONTRERAS,https://cdn.soccerwiki.org/images/player/124417.png,
124420,Nicolás,LARA,https://cdn.soccerwiki.org/images/player/124420.png,
124421,Héctor,ARANGO,,
124424,Willian,ORDOÑEZ,https://cdn.soccerwiki.org/images/player/124424.png,
124440,Josep,MEJÍA,,
124441,William,HURTADO,https://cdn.soccerwiki.org/images/player/124441.png,
124442,Julián,PALACIOS,https://cdn.soccerwiki.org/images/player/124442.png,
124443,Jhon,BANGUERA,https://cdn.soccerwiki.org/images/player/124443.png,
124444,Reinaldo,FONTALVO,https://cdn.soccerwiki.org/images/player/124444.png,
124447,David,MONTOYA,,
124449,José,MERCADO,,
124450,Alain,GUERRERO,,
124515,Johan,CAMPAÑA,https://cdn.soccerwiki.org/images/player/124515.png,
124554,Kalazán,SUÁREZ,https://cdn.soccerwiki.org/images/player/124554.png,
124604,José,GÓMEZ,https://cdn.soccerwiki.org/images/player/124604.png,
124605,Andrés,ESCOBAR,,
124606,Jermein,PEÑA,https://cdn.soccerwiki.org/images/player/124606.png,
124607,Efrain,USTARIZ,,
124669,Kevin,HURTADO,https://cdn.soccerwiki.org/images/player/124669.png,
124683,Brian,PEREA,https://cdn.soccerwiki.org/images/player/124683.png,
125348,Yeferson,PAZ,https://cdn.soccerwiki.org/images/player/125348.png,
125597,Juan,MORENO,,
126058,Alexis,MANYOMA,https://cdn.soccerwiki.org/images/player/126058.png,
126225,Jorge,HURTADO,https://cdn.soccerwiki.org/images/player/126225.png,
126391,Carlos,ESPARRAGOZA,https://cdn.soccerwiki.org/images/player/126391.png,
126810,Kevin,SERNA,https://cdn.soccerwiki.org/images/player/126810.png,
126896,Pipe,GÓMEZ,,
127082,Juan,PEREA,https://cdn.soccerwiki.org/images/player/127082.png,
127220,Guillermo,DENIS,,
127309,Ronald,BENAVIDES,,
127328,Wilber,ARIZALA,,
127332,Jhon,MACHADO,,
127382,Jhonny,MORÁN,,
127383,Héctor,RENTERÍA,,
127940,Dewar,VICTORIA,https://cdn.soccerwiki.org/images/player/127940.png,
127941,Samuel,ASPRILLA,https://cdn.soccerwiki.org/images/player/127941.png,
127942,Jayder,ASPRILLA,https://cdn.soccerwiki.org/images/player/127942.png,
127943,Andrés,ALFONSO,https://cdn.soccerwiki.org/images/player/127943.png,
127944,Brayam,PALACIOS,https://cdn.soccerwiki.org/images/player/127944.png,
127945,Jhojan,TORRES,https://cdn.soccerwiki.org/images/player/127945.png,
127946,Daniel,GARCÍA,https://cdn.soccerwiki.org/images/player/127946.png,
127947,John Deiby,ARAÚJO,https://cdn.soccerwiki.org/images/player/127947.png,
127948,Juan,DEL RIO,https://cdn.soccerwiki.org/images/player/127948.png,
127949,Bryan,SINISTERRA,https://cdn.soccerwiki.org/images/player/127949.png,
127950,Daniel,ARCILA,https://cdn.soccerwiki.org/images/player/127950.png,
127951,Edgard,CAMARGO,https://cdn.soccerwiki.org/images/player/127951.png,
127952,Jimmy,CONGO,https://cdn.soccerwiki.org/images/player/127952.png,
127953,Óscar,SEGURA,https://cdn.soccerwiki.org/images/player/127953.png,
127954,Roberto,HINOJOZA,https://cdn.soccerwiki.org/images/player/127954.png,
127955,Daiver,VEGA,https://cdn.soccerwiki.org/images/player/127955.png,
127993,Kevin,PADILLA,https://cdn.soccerwiki.org/images/player/127993.png,
127994,Jaime,DÍAZ,,
127995,Kleimar,MOSQUERA,,
127996,Víctor,BRID,,
128048,Jarlín,QUINTERO,,
128049,Carlos,COPETE,,
128050,Duván,RODRÍGUEZ,,
128051,Rafael,BUSTAMANTE,https://cdn.soccerwiki.org/images/player/128051.png,
128052,Elian,VILLALOBOS,,
128237,Víctor,LANDAZURI,,
128252,Camilo,DELGADO,,
128276,Yohalin,PALACIOS,,
128295,Jhon,MONTAÑO,,
128297,Luis Diego,ANGULO,,
128298,Kevin,MORENO,,
128561,Carlos,SALAZAR,,
128750,Brayan,LEÓN,https://cdn.soccerwiki.org/images/player/128750.png,
128751,José Luis,SINISTERRA,https://cdn.soccerwiki.org/images/player/128751.png,
128889,Alejandro,GUTIÉRREZ,https://cdn.soccerwiki.org/images/player/128889.png,
128890,Juan,ESPITIA,https://cdn.soccerwiki.org/images/player/128890.png,
128933,Juan David,CUESTA,https://cdn.soccerwiki.org/images/player/128933.png,
128934,Stiven,PALOMEQUE,https://cdn.soccerwiki.org/images/player/128934.png,
128935,Brayan,CARABALÍ,https://cdn.soccerwiki.org/images/player/128935.png,
128954,Jork,BECERRA,,
128955,Juan,PATIÑO,https://cdn.soccerwiki.org/images/player/128955.png,
129100,Johan,RODALLEGA,https://cdn.soccerwiki.org/images/player/129100.png,
129142,Juanda,FUENTES,https://cdn.soccerwiki.org/images/player/129142.png,
129324,Sebastián,GIRADO,https://cdn.soccerwiki.org/images/player/129324.png,
129543,Kevin,RIASCOS,https://cdn.soccerwiki.org/images/player/129543.png,
129602,Brayan,BLANDÓN,,
129783,Diego,HERNÁNDEZ,https://cdn.soccerwiki.org/images/player/129783.png,
130019,Jesús,ROCHA,,
130020,Roberto,VANEGAS,https://cdn.soccerwiki.org/images/player/130020.png,
130049,Erick,ROJAS,,
130071,Keiner,PÉREZ,,
130072,Aldair,ZÁRATE,https://cdn.soccerwiki.org/images/player/130072.png,
130085,Jhonatan,FRANCO,,
130086,Juan,HURTADO,,
130168,Gustavo,PUERTA,https://cdn.soccerwiki.org/images/player/130168.png,
130193,Wilmar,GONZÁLEZ,https://cdn.soccerwiki.org/images/player/130193.png,
130389,Fabricio,MORENO,,
130640,Ricardo,CARABALLO,,
130762,Kener,VALENCIA,https://cdn.soccerwiki.org/images/player/130762.png,
131002,Kevin,QUEJADA,https://cdn.soccerwiki.org/images/player/131002.png,
131299,Gilmar,BOLÍVAR,,
131378,Jean Franco,SARMIENTO,https://cdn.soccerwiki.org/images/player/131378.png,
131571,David,CONTRERAS,https://cdn.soccerwiki.org/images/player/131571.png,
131572,Felipe,MOSQUERA,https://cdn.soccerwiki.org/images/player/131572.png,
131574,Isaac,CAMARGO,https://cdn.soccerwiki.org/images/player/131574.png,
131575,Óscar,PEREA,https://cdn.soccerwiki.org/images/player/131575.png,
131790,Esteban,MERCADO,https://cdn.soccerwiki.org/images/player/131790.png,
131824,Jhon,VÉLEZ,https://cdn.soccerwiki.org/images/player/131824.png,
131839,Juan Camilo,MORENO,https://cdn.soccerwiki.org/images/player/131839.png,
132011,Édier,OCAMPO,https://cdn.soccerwiki.org/images/player/132011.png,
132064,Andrés,TOVAR,,
132076,Jannenson,SARMIENTO,https://cdn.soccerwiki.org/images/player/132076.png,
132108,Juan,ÁVALO,,
132109,Anthony,VÁSQUEZ,,
132201,Fabián,CHARALES,,
132202,Yoni,MOSQUERA,,
132203,Royner,BENÍTEZ,https://cdn.soccerwiki.org/images/player/132203.png,
132204,Nikolás,RODRÍGUEZ,,
132205,Diego,TORRES,https://cdn.soccerwiki.org/images/player/132205.png,
132206,Juan,CEBALLOS,https://cdn.soccerwiki.org/images/player/132206.png,
132207,Jesús,MUÑOZ,https://cdn.soccerwiki.org/images/player/132207.png,
132208,Royscer,COLPA,https://cdn.soccerwiki.org/images/player/132208.png,
132209,Kevin,TORRES,,
132210,Kévin,ANGULO,https://cdn.soccerwiki.org/images/player/132210.png,
132212,Kleyverson,VILORIA,,
132213,Nelson,REYES,,
132214,Juan,TOVAR,,
132215,José,CHAUX,,
132216,Dylan,LOZANO,https://cdn.soccerwiki.org/images/player/132216.png,
132217,Victor,MINOTA,,
132218,Jhon,FIGUEROA,,
132275,Sebastián,ANGULO,,
132303,Yeiner,VARGAS,,
132304,Jeison,MÉNDEZ,,
132305,Aldair,CANTILLO,,
132306,John,MÉNDEZ,https://cdn.soccerwiki.org/images/player/132306.png,
132307,Jhon,LERMA,https://cdn.soccerwiki.org/images/player/132307.png,
132312,Quelmer,HURTADO,,
132313,Mauricio,LIÑÁN,https://cdn.soccerwiki.org/images/player/132313.png,
132314,Rogerio,CAICEDO,https://cdn.soccerwiki.org/images/player/132314.png,
132315,Duvier,DÍAZ,https://cdn.soccerwiki.org/images/player/132315.png,
132316,Víctor,PEREA,https://cdn.soccerwiki.org/images/player/132316.png,
132317,Brayan,MORENO,https://cdn.soccerwiki.org/images/player/132317.png,
132318,Eduard,BANGUERO,https://cdn.soccerwiki.org/images/player/132318.png,
132320,Félix,CHAVERRA,,
132321,Juan,OSTOS,https://cdn.soccerwiki.org/images/player/132321.png,
132322,Eder,ORJUELA,https://cdn.soccerwiki.org/images/player/132322.png,
132323,Mauricio,GARCÍA,https://cdn.soccerwiki.org/images/player/132323.png,
132324,Deyson,COPETE,,
132325,Pablo,RUBIO,https://cdn.soccerwiki.org/images/player/132325.png,
132326,Kevin,LONDOÑO,https://cdn.soccerwiki.org/images/player/132326.png,
132327,Jacobo,PIMENTEL,https://cdn.soccerwiki.org/images/player/132327.png,
132328,Sebastián,COLÓN,https://cdn.soccerwiki.org/images/player/132328.png,
132329,Ewil,MURILLO,https://cdn.soccerwiki.org/images/player/132329.png,
132330,Samuel,VELÁSQUEZ,https://cdn.soccerwiki.org/images/player/132330.png,
132331,Julián,HUERTAS,,
132332,Daniel,POLANCO,https://cdn.soccerwiki.org/images/player/132332.png,
132334,Jahir,SCOTT,,
132335,Sebastián,TORRES,,
132336,Jesús,CANO,,
132337,Julián,ANGULO,,
132338,Juan,MERA,https://cdn.soccerwiki.org/images/player/132338.png,
132339,Juan,CARABALÍ,https://cdn.soccerwiki.org/images/player/132339.png,
132342,Santiago,CORTÉS,,
132343,Jhon,CABAL,https://cdn.soccerwiki.org/images/player/132343.png,
132344,Kevin,SAUCEDO,https://cdn.soccerwiki.org/images/player/132344.png,
132345,Brayan,MONTAÑO,https://cdn.soccerwiki.org/images/player/132345.png,
132347,Jefferson,DÍAZ,https://cdn.soccerwiki.org/images/player/132347.png,
132348,Álvaro,MONTAÑO,https://cdn.soccerwiki.org/images/player/132348.png,
132350,Johan,CAICEDO,https://cdn.soccerwiki.org/images/player/132350.png,
132351,Víctor,YÁNEZ,https://cdn.soccerwiki.org/images/player/132351.png,
132352,Santiago,GÓMEZ,https://cdn.soccerwiki.org/images/player/132352.png,
132353,Jonathan,PERLAZA,,
132461,Jhonny,JORDÁN,,
132462,Joan,OSORIO,,
132463,Javier,MENA,https://cdn.soccerwiki.org/images/player/132463.png,
132464,Christian,ANDRADE,,
132465,Freddy,ESPINAL,,
132466,Jhon,TORRES,,
132467,Yéiler,MOSQUERA,,
132468,Rubio,ESPAÑA,https://cdn.soccerwiki.org/images/player/132468.png,
132469,Gendry,CUERVO,https://cdn.soccerwiki.org/images/player/132469.png,
132470,Pablo,ÁLVAREZ,,
132471,Luis,GÓMEZ,,
132472,Diego,BETANCOURTH,,
132473,Daniel,ZAPATA,https://cdn.soccerwiki.org/images/player/132473.png,
132474,Henry,MOSQUERA,https://cdn.soccerwiki.org/images/player/132474.png,
132475,Heiler,MOSQUERA,,
132476,Luis,DÍAZ,https://cdn.soccerwiki.org/images/player/132476.png,
132477,Johan,MARTÍNEZ,,
132478,Javier,NARVÁEZ,,
132479,Santiago,GÓMEZ,,
132481,Luis,ANAYA,https://cdn.soccerwiki.org/images/player/132481.png,
132482,Yilber,ARBOLEDA,,
132483,Howell,MENA,https://cdn.soccerwiki.org/images/player/132483.png,
132484,Ramiro,BROCHERO,https://cdn.soccerwiki.org/images/player/132484.png,
132485,Fabio,GIRALDO,,
132486,Johan,BELTRÁN,https://cdn.soccerwiki.org/images/player/132486.png,
132487,José,QUIÑONES,,
132488,Luis,PÉREZ,,
132489,Yeiler,VALENCIA,,
132547,Daniel,PEDROZO,https://cdn.soccerwiki.org/images/player/132547.png,
132664,Cristian,SANTANDER,https://cdn.soccerwiki.org/images/player/132664.png,
132683,Kevin,RODRÍGUEZ,,
132684,Jhoan,MONTOYA,,
132696,Luis,PAREDES,https://cdn.soccerwiki.org/images/player/132696.png,
132743,Juan,PÉREZ,https://cdn.soccerwiki.org/images/player/132743.png,
132857,José Luis,QUIÑONES,https://cdn.soccerwiki.org/images/player/132857.png,
132860,Ezequiel,GELVES,,
132873,Andrés,SÁNCHEZ,,
133021,Diego,CASTILLO,,
133062,Nicolás,ARÉVALO,https://cdn.soccerwiki.org/images/player/133062.png,
133076,Heyler,GÓMEZ,,
133259,Juan,LOAIZA,,
133260,Andrés,RODRÍGUEZ,,
133261,Juan,VÁSQUEZ,,
133296,Paul,VILLERO,https://cdn.soccerwiki.org/images/player/133296.png,
133348,Jorge,AMAYA,,
133350,Matías,ESCOBAR,,
133355,Aldair,SIMANCA,https://cdn.soccerwiki.org/images/player/133355.png,
133357,Omar,PRECIADO,,
133358,Fabián,BANGUERO,,
133359,Juan,MOJICA,,
133360,Daniel,GÓMEZ,,
133361,Juan,RABA,,
133362,Juan,FUENTES,,
133364,Camilo,CHARRIS,,
133365,Santiago,CÓRDOBA,,
133367,Estiven,SARRIA,,
133369,David,OROZCO,https://cdn.soccerwiki.org/images/player/133369.png,
133423,Brayan,MURILLO,,
133424,Stiven,VALENCIA,https://cdn.soccerwiki.org/images/player/133424.png,
133425,Jaison,MINA,,
133426,José,GARCÍA,,
133427,Brayan,CUNDUMÍ,,
133429,Santiago,VERGARA,,
133431,Santiago,LUCUMÍ,,
133432,Cristian,MOSQUERA,,
133433,Edwin,MARTÍNEZ,,
133434,Stewar,SAA,,
133439,Faver,MARULANDA,,
133440,Oscar,MURILLO,,
133441,Johan,GAMBOA,,
133444,Dalexandro,GARCÍA,,
133449,Juan,CAICEDO,,
133452,Maikoll,HERRERA,,
133453,Andrés,AEDO,,
133455,Gilberto Junior,JIMÉNEZ,,
133458,Luis,GUEVARA,,
133459,Jhon,ARCILA,https://cdn.soccerwiki.org/images/player/133459.png,
133461,Yefrei,RODRÍGUEZ,,
133462,Kevin,PEÑALOZA,,
133463,Breider,VILLALOBOS,,
133464,Jairo,DITTA,,
133465,Johar,MEJÍA,,
133466,Dilmer,TOBAR,,
133503,Andrés,SALAZAR,https://cdn.soccerwiki.org/images/player/133503.png,
133504,Jan,LUCUMÍ,https://cdn.soccerwiki.org/images/player/133504.png,
133505,Juan,CASTILLO,https://cdn.soccerwiki.org/images/player/133505.png,
133728,Daniel,CASTRO,,
133731,Jhon,ESCOBAR,,
133735,Jacobo,SALAZAR,,
133756,José,HURTADO,,
133977,Mateo,MEJÍA,https://cdn.soccerwiki.org/images/player/133977.png,
134298,Brandon,PEÑA,,
134788,Rodrigo,LLANO,,
134838,Marlon,ESTERILLA,,
136108,Juan David,TORRES,https://cdn.soccerwiki.org/images/player/136108.png,
136113,Beckham,CASTRO,https://cdn.soccerwiki.org/images/player/136113.png,
136329,Léyder,MORÁN,https://cdn.soccerwiki.org/images/player/136329.png,
136347,Jeyson,VELASCO,,
136459,Jefferson,GRANADO,,
136479,Shean,BARBOSA,https://cdn.soccerwiki.org/images/player/136479.png,
136481,Bladimir,ANGULO,https://cdn.soccerwiki.org/images/player/136481.png,
136712,Kevin,LÓPEZ,,
136713,Felipe,CABALLERO,,
136956,Brandon,CAICEDO,https://cdn.soccerwiki.org/images/player/136956.png,
137014,Juan,PEREA,,
137353,Devan,TANTON,https://cdn.soccerwiki.org/images/player/137353.png,
137516,Alexéi,ROJAS,https://cdn.soccerwiki.org/images/player/137516.png,
137639,Luis,QUINTERO,https://cdn.soccerwiki.org/images/player/137639.png,
137701,Lucas,SERNA,,
138383,Jordan,BARRERA,https://cdn.soccerwiki.org/images/player/138383.png,
138437,Jean Paul,ARCE,,
138438,Juan,CÓRDOBA,https://cdn.soccerwiki.org/images/player/138438.png,
138499,Jefrey,TRUJILLO,,
139438,Josen,ESCOBAR,https://cdn.soccerwiki.org/images/player/139438.png,
139516,Jeinner,FUENTES,,
139518,Jhon,PÁJARO,,
139804,Sander,NAVARRO,https://cdn.soccerwiki.org/images/player/139804.png,
139805,Jhoan,HERNÁNDEZ,https://cdn.soccerwiki.org/images/player/139805.png,
139807,Diego,MENDOZA,https://cdn.soccerwiki.org/images/player/139807.png,
139808,Yeferson,MORENO,https://cdn.soccerwiki.org/images/player/139808.png,
139830,Juan,CARVAJAL,https://cdn.soccerwiki.org/images/player/139830.png,
139832,Joyce,RÍOS,https://cdn.soccerwiki.org/images/player/139832.png,
139833,Jhon,MELÉNDEZ,https://cdn.soccerwiki.org/images/player/139833.png,
139838,Duván,MOSQUERA,,
139839,Néider,OSPINA,https://cdn.soccerwiki.org/images/player/139839.png,
139840,Jhildrey,LASSO,,
139841,Alejandro,RODRÍGUEZ,https://cdn.soccerwiki.org/images/player/139841.png,
139842,Santiago,LÓPEZ,,
139843,Felipe,ACOSTA,https://cdn.soccerwiki.org/images/player/139843.png,
139844,Jackson,JARAMILLO,,
139845,Ever,MEZA,https://cdn.soccerwiki.org/images/player/139845.png,
139846,Aly,PALACIOS,https://cdn.soccerwiki.org/images/player/139846.png,
139848,Jader,MANYOMA,,
139849,Wilmar,ARANGO,https://cdn.soccerwiki.org/images/player/139849.png,
139850,Jhonier,HURTADO,,
139851,Duván,RIASCOS,,
139852,Óscar,VALLECILLA,,
139855,Fredy,VALENCIA,,
139859,Luis,ARROYO,https://cdn.soccerwiki.org/images/player/139859.png,
140012,Juan David,BARRENECHI,https://cdn.soccerwiki.org/images/player/140012.png,
140160,Jefry,ZAPATA,,
140161,Leyder,ROBLEDO,,
140162,Sebastián,NAVARRO,https://cdn.soccerwiki.org/images/player/140162.png,
140163,Nicolás,RODRÍGUEZ,https://cdn.soccerwiki.org/images/player/140163.png,
140214,Diego,PEREA,https://cdn.soccerwiki.org/images/player/140214.png,
140680,Iván,MEJÍA,,
140691,Jesús,DÍAZ,https://cdn.soccerwiki.org/images/player/140691.png,
140694,César,PENA,,
140723,Lorenzo,ORELLANO,,
141110,Santiago,LONDOÑO,,
142141,Kelvin,FLÓREZ,https://cdn.soccerwiki.org/images/player/142141.png,
142244,Francisco,CAMPO,https://cdn.soccerwiki.org/images/player/142244.png,
142305,Mateo,ZULETA,,
142310,Sebastián,VALENCIA,,
142315,Juan,CASTAÑO,,
142587,Juan,SANDOVAL,,
143278,Junior,JULIO,https://cdn.soccerwiki.org/images/player/143278.png,
143285,Jonathan,DUARTE,https://cdn.soccerwiki.org/images/player/143285.png,
143290,Juan,BRAVO,,
143689,Ronaldo,PÁJARO,https://cdn.soccerwiki.org/images/player/143689.png,
143892,Luis,DÍAZ,,
143978,Brayan,CAICEDO,,
143986,Sebastián,CABALLERO,,
144321,Samuel,GUERRERO,,
144519,Yahir,RUÌZ,,
144559,Juan,LASSO,,
144604,Stiven,DÁVILA,,
144619,Luis,ORTIZ,,
145010,Jaime,PERALTA,https://cdn.soccerwiki.org/images/player/145010.png,
145011,Juan,ARIZALA,https://cdn.soccerwiki.org/images/player/145011.png,
145152,Alejandro,ORTEGA,,
145248,Boris Daniel,PALACIOS,,
145636,Yeison,MURILLO,https://cdn.soccerwiki.org/images/player/145636.png,
146222,Robin,GONZÁLEZ,https://cdn.soccerwiki.org/images/player/146222.png,
146223,Nicolás,RINCÓN,,
146378,Yordy,MARCELO,,
146696,Brayan,CORREA,,
146980,Juan,ARISTIZABAL,,
147165,Jhon,LARGACHA,https://cdn.soccerwiki.org/images/player/147165.png,
147166,Yojan,GARCÉS,https://cdn.soccerwiki.org/images/player/147166.png,
147312,Jaider,MORENO,,
147313,Agustín,CANO,,
147314,Simón,GARCÍA,https://cdn.soccerwiki.org/images/player/147314.png,
147375,Elver,ARIZALA,,
147540,José Mauricio,DELGADO,,
147568,Juan Camilo,MOSQUERA,https://cdn.soccerwiki.org/images/player/147568.png,
147609,Jhon,QUIÑONES,,
147610,Kevin,CUESTA,,
147611,Bayron,DUARTE,https://cdn.soccerwiki.org/images/player/147611.png,
147614,Santiago,CUERO,,
147615,Élan,RICARDO,https://cdn.soccerwiki.org/images/player/147615.png,
147618,Neyder,ARAGÓN,,
147619,Julián,BAZÁN,https://cdn.soccerwiki.org/images/player/147619.png,
147623,Nicolás,RENGIFO,,
147629,Alejandro,ÁLVAREZ,,
147647,Juan,QUINTANA,,
148074,Carlos,CANTILLO,,
148081,Juan,GALLEGO,,
148082,Sergio,PALACIOS,https://cdn.soccerwiki.org/images/player/148082.png,
148085,Mateo,GARCÍA,,
148086,Felipe,CIFUENTES,,
148087,Málcom,PALACIOS,,
148088,Cristian,GRACIANO,,
148134,Jordan,GARCÍA,https://cdn.soccerwiki.org/images/player/148134.png,
148135,Michael,BARRAGÁN,,
148136,Daniel,RIVERA,https://cdn.soccerwiki.org/images/player/148136.png,
148137,Juan,GUEVARA,,
148138,Juan Camilo,CASTILLO,https://cdn.soccerwiki.org/images/player/148138.png,
148139,Juan,PERTÚZ,,
148141,Kevin,BALANTA,,
148142,Jerónimo,BARRERA,,
148143,José,GARCÍA,,
148144,Yeiner,LONDOÑO,,
148145,Jhoiner,SALAS,https://cdn.soccerwiki.org/images/player/148145.png,
148146,Jorge,RIVALDO,,
148150,Johan,HINESTROZA,,
148203,Carlos,TOVAR,,
148208,Juan,ARCE,,
148212,Manuel,ARTEAGA,,
148214,Braynner,MEJÍA,,
148215,Joan,CORTÉS,,
148216,Juan,LUCUMÍ,,
148217,Dylan,TALERO,,
148221,Marco,ESPÍNDOLA,,
148225,Daniel,GUZMÁN,,
148226,David,GUERRERO,,
148227,Gustavo,CHARRUPÍ,,
148261,Kevin,TAMAYO,,
148263,Johan,PARRA,,
148264,Juan David,RUEDA,,
148270,Samuel,BELLO,,
148271,Andrés,ALARCÓN,,
148272,Gerbin,SILVA,,
148273,Kevin,PARRA,https://cdn.soccerwiki.org/images/player/148273.png,
148274,Johan,PEREA,,
148698,Brayan,CAMPAZ,https://cdn.soccerwiki.org/images/player/148698.png,
148743,Luis,RENTERÍA,,
149953,Juan,RAMÍREZ,https://cdn.soccerwiki.org/images/player/149953.png,
150607,Miguel,MORENO,,
151134,John Edwin,MONTAÑO,,
151135,Emilio,ARISTÍZABAL,https://cdn.soccerwiki.org/images/player/151135.png,
151309,Julián,BONILLA,https://cdn.soccerwiki.org/images/player/151309.png,
151631,Keimer,SANDOVAL,https://cdn.soccerwiki.org/images/player/151631.png,
152043,Yeimar,MOSQUERA,https://cdn.soccerwiki.org/images/player/152043.png,
152235,Gustavo,REYES,https://cdn.soccerwiki.org/images/player/152235.png,
152503,Jhan,TORRES,https://cdn.soccerwiki.org/images/player/152503.png,
152915,Cristian,CAICEDO,https://cdn.soccerwiki.org/images/player/152915.png,
153013,Samer,FARID,,
153252,Andrés,DÁVILA,https://cdn.soccerwiki.org/images/player/153252.png,
153542,Kilian,TOSCANO,https://cdn.soccerwiki.org/images/player/153542.png,
153543,Joao,SALAZAR,,
153673,Joel,CANCHIMBO,https://cdn.soccerwiki.org/images/player/153673.png,
153909,Jerson,LAGOS,,
154596,Juan,RUBIO,,
154597,Alexandro,LICONA,,
154598,Yeicar,PERLAZA,,
154599,Santiago,SANTACRUZ,,
154600,Darwin,CORTÉS,https://cdn.soccerwiki.org/images/player/154600.png,
154601,Neymar,SÁNCHEZ,https://cdn.soccerwiki.org/images/player/154601.png,
154619,Jhon,NAVIA,https://cdn.soccerwiki.org/images/player/154619.png,
154668,Yan,MOSQUERA,,
155029,Alejandro,VILLARREAL,https://cdn.soccerwiki.org/images/player/155029.png,
155396,Dairo,PEÑA,https://cdn.soccerwiki.org/images/player/155396.png,
156336,David,HERRERA,https://cdn.soccerwiki.org/images/player/156336.png,
156504,Andrés,CARREÑO,,
156505,Kevin,ARMESTO,,
156715,Jhonnys,GUERRERO,,
156722,Jhon,ROVIRA,,
156800,John,GRISALES,,
156801,Juan José,AGUILAR,,
156802,Javier,MENA,,
156803,Jhojan,ESCOBAR,,
156804,Cristian,VERGARA,,
156805,Alexis,SINISTERRA,,
156806,Mateo,CASTILLO,,
156807,Mateo,VALENCIA,,
156808,Arlen,BANGUERO,,
156809,Abdid,MUÑOZ,,
156810,Carlos,ZAMBRANO,,
156811,Juan,QUICENO,,
156812,Adrián,VALENCIA,,
156813,Kevin,SALAZAR,,
156814,Cristian,BAQUERO,,
156815,Samir,MAYO,,
156816,Brandon,QUIÑÓNEZ,,
156817,Fabián,CHAVERRA,,
156823,Joao,ABONIA,,
156824,Bayron,CAICEDO,,
156825,Gali,BALANTA,,
156826,Juan,CANTILLO,,
156827,Sebastián,URREA,,
156828,Jhostín,MEDRANDA,,
156829,Miguel,PALACIOS,,
156831,Didier,PALACIOS,,
156832,Brayan,MURILLO,,
156833,Neymar,URIBE,,
156834,Juan,ARISTÍZABAL,,
156835,Nilzo,RAMÍREZ,,
156836,Sebastián,RAMÍREZ,,
156837,Jhon,MARTÍNEZ,,
156838,Brayan,BENÍTEZ,,
156839,Iker,BLANCO,,
156840,Luis,ESCORCIA,,
156841,Ángel,ÁLVAREZ,,
156842,Leandro,ANGULO,,
156843,Tomas,MOLINA,,
156844,William,OVALLE,,
156845,José,CAICEDO,https://cdn.soccerwiki.org/images/player/156845.png,
156846,Jhonier,GUERRERO,https://cdn.soccerwiki.org/images/player/156846.png,
156847,Miller,BACCA,https://cdn.soccerwiki.org/images/player/156847.png,
156848,Roameth,ROMAÑA,,
156849,Jan,ANGULO,,
156850,Eyder,RESTREPO,,
156851,Duban,AYALA,,
156852,Marlon,SIERRA,,
156853,Santiago,CANTILLO,,
156877,Andrés,LÓPEZ,,
156878,Brandon,CHURY,,
156879,Carlos,BOGOTÁ,,
156880,Neiser,VILLARREAL,https://cdn.soccerwiki.org/images/player/156880.png,
156881,Eduar,ESTEBAN,,
156882,Guillermo,GONZÁLEZ,,
156883,Santiago,RUIZ,,
156884,Darwin,PALOMEQUE,,
156885,Dilan,ORTÍZ,,
156886,Daniel,MERA,,
156887,Jhon,LAJUD,,
156888,Jhoan,PINTO,,
156889,Arneth,GONZÁLEZ,,
156890,Gabriel,ARRIETA,,
156891,Gustavo,MOSQUERA,,
156892,Janeth,ALEMÁN,,
156932,Geiner,MARTÍNEZ,,
157331,Antony,VELASCO,,
158580,Johan,RODALLEGA,,
158824,Andrés,CARABALÍ,,
158825,Farid,ROMERO,,
158826,Camilo,PUENTES,,
158827,José,RODRÍGUEZ,,
159608,Brandon,OBREGÓN,,
160133,Carlos,SARABIA,https://cdn.soccerwiki.org/images/player/160133.png,
160217,Andy,BATIOJA,,
160730,Mayker,PALACIOS,,
160914,Hather,CUESTA,,
160951,Felipe,JARAMILLO DROLET,,
161078,Carlos,OCORÓ,,
161544,Jonathan,PALACIOS,,
161745,Juan,BOLANOS,,
162158,Jhon,RENTERÍA,https://cdn.soccerwiki.org/images/player/162158.png,
162535,Royer,CAICEDO,,
162536,Cristian,URIBE,,
162537,Elkin,RIVERO,https://cdn.soccerwiki.org/images/player/162537.png,
162538,José,CAVADIA,https://cdn.soccerwiki.org/images/player/162538.png,
162539,Joel,ROMERO,https://cdn.soccerwiki.org/images/player/162539.png,
162540,Kevin,ANGULO,,
162541,Sebastián,MOSQUERA,,
162542,Luis,MARIMÓN,https://cdn.soccerwiki.org/images/player/162542.png,
162584,Miguel,AGÁMEZ,https://cdn.soccerwiki.org/images/player/162584.png,
162585,Marlon,BALANTA,,
162586,Isaac,VENECIA,,
162587,Juan Manuel,ARANGO,https://cdn.soccerwiki.org/images/player/162587.png,
162588,Jean,GALINDO,,
162589,Luis,GONZÁLEZ,,
162590,Deivid,CASTRO,,
162591,Emmanuel,ARRECHEA,,
162592,Antonio,SIMANCAS,,
162593,Charly,VILLEGAS,,
162594,Sergio,APONZÁ,,
162599,Dilan,ZÁRATE,https://cdn.soccerwiki.org/images/player/162599.png,
162619,Matías,VILLA,,
162620,Juan,HOLGUÍN,,
162621,Emanuel,LONDOÑO,,
162622,Andrés,VARGAS,,
162623,Tomás,SOTO,,
162624,Jesús,PEÑALOZA,https://cdn.soccerwiki.org/images/player/162624.png,
162626,Franklin,NAVARRO,,
162627,Kleber,DÍAZ,,
162628,Óscar,VEGA,,
162629,Jonatan,MAYORGA,,
162632,Jhonier,NEGRETE,,
162770,Juan David,BACCA,,
163595,César,BENAVIDES,,
163599,Ethan,LIZALDA,,
163653,David,MEJÍA,,
163836,Johan,MURILLO,https://cdn.soccerwiki.org/images/player/163836.png,
163838,Alejandro,MEJÍA,,
163839,Brayan,CASTRO,,
163841,Santiago,GUZMÁN,,
163930,Luis Miguel,MINA,,
164087,Luis,MOSQUERA,,
164638,Manuel,CAICEDO,,
164639,Frank,SALAS,,
164640,Albin,VALENCIA,,
164641,Jeison,MENA,,
164642,Mauricio,GONZÁLEZ,,
164643,Jhon,APONZÁ,,
164644,Yoshan,VALOIS,,
164645,Cristian,OROZCO,https://cdn.soccerwiki.org/images/player/164645.png,
164646,Jhon,SOLÍS,,
165008,Alejandro,ARARAT,,
165033,Kener,GONZÁLEZ,https://cdn.soccerwiki.org/images/player/165033.png,
165338,Luis Miguel,LANDÁZURI,https://cdn.soccerwiki.org/images/player/165338.png,
165672,Gleyfer,MEDINA,,
165673,Fredy,RIVAS,,
165674,Victor,LASSO,,
165675,Edwin,CABEZAS,,
165676,Jhon,PALACIOS,,
165677,Halam,LOBOA,,
165678,Gerónimo,MANCILLA,,
165679,Juan David,BONILLA,,
165680,Nezareth,SEGURA,,
165759,Brayan,GÓMEZ,,
165760,Dylan,PRIETO,,
165761,Freilin,MORENO,,
165762,Santiago,TAMAYO,,
165841,Josy,PÉREZ,,
165842,Lucas,VILLA VALENCIA,,
165843,Jhon,VALOYES,,
165844,Juan David,OBANDO,,
165845,Juan,RENGIFO,,
165846,Juan,ROSA,,
165848,Matías,OROZCO,,
165849,Kleiton,CUÉLLAR,,
165850,Jhoyler,ANDRADES,,
165851,Martín,CUESTA,,
165852,Juan Esteban,SÁNCHEZ,,
165853,Luiyi,CASTRO,,
165854,Hian,RINCÓN,,
165855,Tomás,GARCÍA,,
165902,Jhon,ESCOBAR,,
165958,Aurelio,DOMÍNGUEZ,,
165959,Juan Pablo,MUÑOZ,,
165970,Ismael,LÓPEZ,,
165971,Jhon,PALACIOS,,
165972,Jorge,MARTÍNEZ,,
165973,Juan,RAMÍREZ,,
165974,Cristián,IGUARÁN,,
166005,Andrés,DIEPPA,,
166006,Juan José,CATAÑO,,
166007,Frey,BERRÍO,,
166008,Miguel,MARULANDA,,
166009,Sebastián,CHACÓN,,
166010,Samuel,MARTÍN,,
166011,Brayan,CUERO,,
166049,Juan,CARRASCO,,
166050,Jefferson,ASPRILLA,,
166051,Ronaldo,JUNIOR,,
166052,Jhon,AZCARATE,,
166053,Cristian,GUZMÁN,,
166054,Victor,REYES,,
166055,Fabián,VILLA,,
166056,Patrick,PRECIADO,,
166166,Jhonatan,CUERO,https://cdn.soccerwiki.org/images/player/166166.png,
166192,Yesid,VALBUENA,,
